Site,Plot,Date,Spec,DBH,Dec ,X,Y,Z,CrHt,SrchHt,Core#,Comments
IS,IS1,16-Aug,PIJE,128.5,,-50.8,3.9,-5.0,14.0,7.0,29,
IS,IS1,14-Aug,PIJE,119.0,,-49.8,-8.8,-4.4,12.5,10.0,28,
IS,IS1,16-Aug,PIJE,30.5,1,-48.7,12.1,-5.0,,4.3,,
IS,IS1,16-Aug,PIJE,24.0,1,-46.9,0.9,-4.5,,4.0,,
IS,IS1,14-Aug,PIJE,20.1,1,-45.7,-6.2,-4.1,,3.5,,
IS,IS1,14-Aug,PIJE,38.8,1,-45.5,-17.3,-3.0,,8.0,,
IS,IS1,14-Aug,PIJE,24.3,1,-45.5,-4.3,-4.3,,3.0,,
IS,IS1,16-Aug,PIJE,72.0,,-42.0,19.9,-4.4,9.5,4.5,21,
IS,IS1,16-Aug,PIJE,36.6,,-40.7,38.8,-4.9,5.0,4.0,,
IS,IS1,14-Aug,PIJE,53.0,,-40.4,-15.9,-3.3,11.0,9.0,,
IS,IS1,16-Aug,PIJE,102.9,,-39.5,8.5,-3.9,13.0,7.8,,
IS,IS1,16-Aug,PIJE,29.0,1,-39.2,4.5,-3.8,,4.0,,
IS,IS1,14-Aug,PIJE,6.1,1,-38.3,-4.2,-3.5,,0.5,,
IS,IS1,16-Aug,PIJE,13.8,1,-37.2,5.6,-3.8,,1.5,,
IS,IS1,16-Aug,PIJE,19.5,1,-36.4,2.2,-3.4,,2.5,,
IS,IS1,16-Aug,PIJE,31.4,1,-34.5,-7.9,-2.8,,3.5,,
IS,IS1,14-Aug,PIJE,48.7,,-34.2,-19.5,-2.7,12.0,6.0,,
IS,IS1,14-Aug,PIJE,48.4,,-33.7,-16.4,-2.8,9.0,8.0,,
IS,IS1,14-Aug,PIJE,48.6,,-33.5,-16.8,-2.7,12.0,6.0,,
IS,IS1,14-Aug,PIJE,41.3,,-32.5,-10.2,-2.9,13.4,5.5,,
IS,IS1,14-Aug,PIJE,46.0,,-32.1,-20.6,-2.5,11.0,5.0,,
IS,IS1,14-Aug,PIJE,26.8,1,-30.9,-10.2,-2.8,,7.1,,
IS,IS1,14-Aug,PIJE,34.2,,-30.8,-10.4,-2.7,13.5,6.0,11,
IS,IS1,14-Aug,PIJE,36.0,,-29.9,17.1,-2.3,11.0,5.0,,
IS,IS1,16-Aug,PIJE,140.6,,-29.3,16.8,-2.9,12.0,6.2,,
IS,IS1,14-Aug,PIJE,44.2,,-29.2,-32.2,-1.8,9.0,3.5,,
IS,IS1,14-Aug,PIJE,19.6,1,-28.6,-17.9,-2.3,,4.5,,
IS,IS1,14-Aug,PIJE,21.0,1,-27.6,-21.0,-2.0,,3.5,,
IS,IS1,14-Aug,PIJE,50.5,,-26.6,-25.6,-1.7,10.0,3.0,,
IS,IS1,14-Aug,PIJE,33.2,,-24.8,-33.2,-1.4,10.2,7.7,,
IS,IS1,14-Aug,PIJE,124.5,,-24.0,-5.1,-1.9,13.0,6.0,22,
IS,IS1,14-Aug,PIJE,34.8,,-23.9,-33.0,-1.4,10.2,7.7,,
IS,IS1,16-Aug,PIJE,98.5,,-23.3,6.5,-2.0,15.0,6.0,23,
IS,IS1,16-Aug,PIJE,92.1,,-22.0,6.3,-1.9,14.5,6.3,24,
IS,IS1,14-Aug,PIJE,11.0,1,-21.2,-25.4,-1.3,,0.5,,
IS,IS1,16-Aug,PIJE,82.3,,-20.6,4.0,-1.7,18.4,6.0,,
IS,IS1,14-Aug,PIJE,39.8,,-20.4,-18.4,-1.3,10.0,2.5,,
IS,IS1,14-Aug,PIJE,23.5,,-19.8,-17.0,-1.3,10.0,2.5,,
IS,IS1,14-Aug,PIJE,23.0,1,-19.6,-32.8,-1.1,,6.0,,
IS,IS1,16-Aug,PIJE,60.0,1,-19.0,2.5,-1.7,,4.6,,
IS,IS1,14-Aug,PIJE,39.0,1,-18.5,-24.1,-0.9,,2.5,,
IS,IS1,14-Aug,PIJE,19.4,,-19.8,-17.7,-1.2,10.0,2.5,,
IS,IS1,14-Aug,PIJE,53.0,,-17.0,-33.6,-0.6,11.3,6.0,,
IS,IS1,14-Aug,PIJE,68.1,,-16.7,-45.2,-0.6,14.8,4.0,,
IS,IS1,14-Aug,PIJE,19.2,1,-13.2,-34.2,-0.5,,1.8,,
IS,IS1,14-Aug,PIJE,72.3,,-12.7,-17.5,-0.6,11.0,4.5,32,
IS,IS1,14-Aug,PIJE,79.3,,-11.3,-26.5,-0.1,10.8,3.0,25,
IS,IS1,16-Aug,PIJE,103.2,,-10.3,4.1,-0.8,10.0,4.3,30,
IS,IS1,14-Aug,PIJE,28.5,,-9.2,-15.7,-0.5,8.0,2.5,,
IS,IS1,14-Aug,PIJE,15.2,1,-9.0,-32.8,-0.2,,2.0,,
IS,IS1,14-Aug,PIJE,14.0,1,-8.8,-32.5,-0.2,,2.0,,
IS,IS1,14-Aug,PIJE,25.0,,-8.6,-17.1,-0.5,8.0,2.5,,
IS,IS1,14-Aug,PIJE,13.0,1,-8.2,-17.0,-0.5,,1.6,,
IS,IS1,16-Aug,PIJE,27.4,1,-6.9,-46.2,0.3,,6.0,,
IS,IS1,16-Aug,PIJE,33.1,,-6.3,51.5,-1.6,4.2,0.2,,
IS,IS1,14-Aug,PIJE,26.3,,-5.6,-2.1,-0.5,5.5,1.2,,
IS,IS1,16-Aug,PIJE,32.8,1,-5.6,-45.4,0.3,,7.1,,
IS,IS1,14-Aug,PIJE,32.3,,-4.6,-20.3,0.0,7.6,3.5,10,
IS,IS1,16-Aug,PIJE,15.0,1,-4.6,-30.5,0.2,,2.0,,
IS,IS1,14-Aug,PIJE,27.5,,-4.4,-27.1,0.0,9.0,2.7,,
IS,IS1,14-Aug,PIJE,23.8,,-3.7,-16.7,-0.1,8.0,1.6,,
IS,IS1,16-Aug,PIJE,23.6,1,-3.6,-26.9,0.3,,2.3,,
IS,IS1,14-Aug,PIJE,44.8,,-3.4,-24.7,0.2,9.0,3.0,,
IS,IS1,14-Aug,PIJE,60.8,,-3.3,-37.6,0.2,10.0,7.6,,
IS,IS1,14-Aug,PIJE,30.9,,-3.1,-17.6,0.1,8.5,2.5,,
IS,IS1,14-Aug,PIJE,29.5,,-3.0,-19.8,0.1,8.5,4.5,,
IS,IS1,16-Aug,PIJE,65.0,,-2.9,25.2,-0.7,8.0,5.2,,
IS,IS1,14-Aug,PIJE,54.4,,-2.8,-24.2,0.4,9.0,6.5,,
IS,IS1,14-Aug,PIJE,16.0,,-2.8,-15.9,0.1,4.5,1.8,,
IS,IS1,16-Aug,PIJE,11.9,,-2.2,45.8,-1.2,1.4,0.4,12,
IS,IS1,14-Aug,PIJE,35.0,1,-2.1,-47.0,0.3,,5.6,,
IS,IS1,14-Aug,PIJE,14.7,,-1.6,-12.3,0.1,2.5,4.0,,
IS,IS1,14-Aug,PIJE,25.2,1,-1.3,-33.9,-0.3,,7.0,,
IS,IS1,14-Aug,PIJE,58.0,,-0.6,-40.6,-0.4,10.0,7.8,,
IS,IS1,14-Aug,PIJE,37.4,,1.8,-6.7,0.2,3.5,0.5,1,
IS,IS1,16-Aug,PIJE,6.9,1,1.9,46.2,-0.5,,1.5,,
IS,IS1,16-Aug,PIJE,57.0,,2.3,49.8,-0.7,4.7,4.8,31,
IS,IS1,14-Aug,PIJE,38.0,,2.9,-17.5,0.5,7.9,3.5,9,
IS,IS1,16-Aug,PIJE,28.8,,3.6,38.9,-0.5,5.5,4.5,,
IS,IS1,14-Aug,PIJE,30.2,1,3.9,-29.9,0.6,,3.5,,
IS,IS1,14-Aug,PIJE,107.9,,4.6,1.6,0.2,9.0,5.5,2,
IS,IS1,14-Aug,PIJE,94.0,,4.7,8.6,0.1,13.3,5.3,20,
IS,IS1,14-Aug,PIJE,94.2,,5.0,-48.0,1.0,12.0,11.0,,
IS,IS1,14-Aug,PIJE,25.5,1,5.3,-37.8,0.6,,4.8,,
IS,IS1,16-Aug,PIJE,45.0,,5.4,50.4,-0.5,5.0,4.8,,
IS,IS1,16-Aug,PIJE,6.5,1,5.6,36.9,-0.3,,0.7,,
IS,IS1,16-Aug,PIJE,13.7,1,6.2,-39.6,1.0,,3.0,,
IS,IS1,16-Aug,PIJE,6.3,2,6.4,40.5,-0.2,,1.2,,
IS,IS1,14-Aug,PIJE,29.0,,6.5,-11.5,0.7,4.6,2.7,,
IS,IS1,14-Aug,PIJE,25.3,1,8.4,-37.8,1.0,,5.1,,
IS,IS1,16-Aug,PIJE,11.5,1,8.5,50.9,-0.3,,1.8,,
IS,IS1,14-Aug,PIJE,47.3,,8.8,-22.3,1.2,9.0,5.5,,
IS,IS1,14-Aug,PIJE,34.5,,10.4,-17.7,1.1,8.0,5.0,3,
IS,IS1,14-Aug,PIJE,71.3,,10.6,1.6,0.7,12.3,5.0,14,
IS,IS1,14-Aug,PIJE,30.8,,10.8,46.8,-0.2,4.8,4.0,,
IS,IS1,14-Aug,PIJE,21.1,,12.3,-20.4,1.3,8.0,5.0,,
IS,IS1,14-Aug,PIJE,24.5,,12.9,50.0,0.0,5.5,3.0,,
IS,IS1,16-Aug,PIJE,15.9,1,13.1,-22.4,1.4,,2.5,,
IS,IS1,14-Aug,PIJE,88.9,,13.2,-27.0,1.6,10.9,5.4,26,
IS,IS1,14-Aug,PIJE,24.5,1,13.6,-22.1,1.5,,5.5,,
IS,IS1,14-Aug,PIJE,25.5,1,13.6,-29.8,1.5,,3.5,,
IS,IS1,14-Aug,PIJE,50.8,,14.0,-38.1,1.4,11.7,4.0,,
IS,IS1,14-Aug,PIJE,12.5,1,14.1,-19.5,1.4,,5.8,,
IS,IS1,14-Aug,PIJE,85.5,,14.5,-44.5,1.5,8.5,7.5,,
IS,IS1,14-Aug,PIJE,23.0,1,15.0,-46.3,1.3,,6.5,,
IS,IS1,14-Aug,PIJE,129.3,,15.1,-1.7,1.3,13.0,4.0,19,
IS,IS1,14-Aug,PIJE,15.0,1,15.3,-15.1,1.5,,3.9,,
IS,IS1,14-Aug,PIJE,12.5,1,15.5,-15.2,1.5,,3.6,,
IS,IS1,14-Aug,PIJE,44.0,,15.6,-4.5,1.2,7.0,4.0,,
IS,IS1,14-Aug,PIJE,10.8,1,15.6,-15.2,1.5,,4.5,,
IS,IS1,14-Aug,PIJE,9.2,1,15.6,-16.2,1.5,,3.2,,
IS,IS1,14-Aug,PIJE,23.2,1,16.4,-26.2,1.5,,4.0,,
IS,IS1,14-Aug,PIJE,14.0,1,16.8,-15.5,1.6,,5.1,,
IS,IS1,14-Aug,PIJE,37.0,1,16.9,-39.1,1.6,,3.5,,
IS,IS1,14-Aug,PIJE,47.5,,17.0,-47.3,1.7,8.5,6.5,8,
IS,IS1,14-Aug,PIJE,32.1,1,17.2,-15.3,1.6,,7.8,,
IS,IS1,14-Aug,PIJE,23.5,1,17.4,-18.4,1.5,,7.7,,
IS,IS1,14-Aug,PIJE,33.6,1,17.5,-13.5,1.7,,8.9,,
IS,IS1,14-Aug,PIJE,37.0,,17.5,-22.2,1.7,10.2,8.0,,RTB
IS,IS1,14-Aug,PIJE,19.4,1,17.6,-20.1,1.7,,7.5,,
IS,IS1,14-Aug,PIJE,22.1,1,18.0,-20.2,1.7,,7.5,,
IS,IS1,14-Aug,PIJE,23.5,1,18.2,-44.0,1.7,,4.2,,
IS,IS1,14-Aug,PIJE,45.0,,18.3,28.7,0.9,7.3,6.5,,
IS,IS1,14-Aug,PIJE,27.0,1,18.3,-44.2,1.9,,4.0,,
IS,IS1,14-Aug,PIJE,44.3,1,19.4,-32.1,1.8,,4.5,,
IS,IS1,14-Aug,PIJE,58.7,,19.5,28.0,0.8,7.5,6.5,13,
IS,IS1,14-Aug,PIJE,98.5,1,21.2,0.7,1.6,,4.5,,
IS,IS1,14-Aug,PIJE,7.2,1,21.8,19.3,1.4,,0.5,,
IS,IS1,14-Aug,PIJE,48.8,,23.5,-46.3,2.0,6.7,0.5,,
IS,IS1,14-Aug,PIJE,19.2,1,23.6,-42.5,2.0,,0.7,,
IS,IS1,16-Aug,PIJE,52.1,,23.6,-40.2,2.3,11.9,2.8,,
IS,IS1,14-Aug,PIJE,38.0,1,25.1,-38.9,2.1,,1.5,,
IS,IS1,14-Aug,PIJE,77.2,,25.4,-36.0,2.3,8.0,3.6,,
IS,IS1,14-Aug,PIJE,69.5,,26.0,-28.5,2.2,12.8,10.5,6,
IS,IS1,16-Aug,PIJE,20.0,1,26.6,-28.4,2.4,,4.0,,
IS,IS1,14-Aug,PIJE,27.1,1,26.9,-31.5,2.3,,5.0,,
IS,IS1,14-Aug,PIJE,22.1,1,27.4,-35.2,2.3,,2.5,,
IS,IS1,14-Aug,PIJE,31.5,,31.1,-41.2,2.4,5.5,0.5,,
IS,IS1,14-Aug,PIJE,24.7,1,31.9,-13.1,2.5,,3.5,,
IS,IS1,14-Aug,PIJE,22.0,,32.0,-40.7,2.5,6.5,0.4,,
IS,IS1,14-Aug,PIJE,41.6,,32.2,-16.2,2.7,10.1,6.1,5,
IS,IS1,14-Aug,PIJE,27.5,1,32.4,-5.2,2.4,,1.6,,
IS,IS1,16-Aug,PIJE,21.5,,32.7,-3.0,2.4,6.0,0.3,4,
IS,IS1,14-Aug,PIJE,9.5,1,33.8,-39.3,2.6,,0.7,,
IS,IS1,14-Aug,PIJE,12.4,1,34.3,-14.7,2.5,,2.3,,
IS,IS1,14-Aug,PIJE,24.5,,34.3,-31.7,2.7,11.2,4.0,,
IS,IS1,14-Aug,PIJE,31.6,,34.4,-31.5,2.8,8.1,4.2,,
IS,IS1,14-Aug,PIJE,42.9,,34.5,-20.2,3.0,9.7,2.0, ,
IS,IS1,14-Aug,PIJE,21.8,,34.7,-16.8,2.9,10.1,3.8,,
IS,IS1,14-Aug,PIJE,39.8,,34.8,-36.2,2.7,6.4,3.7,7,
IS,IS1,14-Aug,PIJE,22.2,,35.0,-40.2,2.7,6.0,0.5,,
IS,IS1,14-Aug,PIJE,35.8,,35.4,-40.7,2.6,6.0,0.5,,
IS,IS1,16-Aug,PIJE,42.4,,35.9,-32.4,2.8,7.1,3.7,,
IS,IS1,16-Aug,PIJE,44.0,,36.0,-37.9,2.8,6.0,4.4,,
IS,IS1,16-Aug,PIJE,12.2,1,36.4,-32.0,2.8,,3.0,,
IS,IS1,16-Aug,PIJE,33.5,,36.5,0.8,2.7,5.5,0.0,,
IS,IS1,14-Aug,PIJE,36.0,,36.7,-24.9,2.9,9.7,2.5,,
IS,IS1,16-Aug,PIJE,6.5,1,37.3,-42.5,2.8,,0.3,,
IS,IS1,16-Aug,PIJE,22.7,,38.8,0.8,2.7,4.0,0.5,,
IS,IS1,14-Aug,PIJE,11.1,1,39.0,-18.1,2.9,,2.0,,
IS,IS1,16-Aug,PIJE,34.0,,39.0,-35.4,3.0,6.8,4.0,,
IS,IS1,14-Aug,PIJE,16.2,,39.2,-0.5,2.7,3.5,1.9,,
IS,IS1,14-Aug,PIJE,72.3,,39.5,31.9,2.3,7.8,5.5,16,
IS,IS1,14-Aug,PIJE,15.2,1,39.6,-1.4,2.8,,1.5,,
IS,IS1,14-Aug,PIJE,15.7,1,39.9,-16.0,3.0,,3.5,,
IS,IS1,16-Aug,PIJE,15.5,1,41.0,-4.9,2.9,,2.0,,
IS,IS1,14-Aug,PIJE,20.7,,42.0,-18.5,3.2,5.1,3.6,,
IS,IS1,16-Aug,PIJE,12.3,1,42.6,1.4,3.0,,0.6,,
IS,IS1,14-Aug,PIJE,38.0,,42.7,-36.2,3.0,4.5,4.0,,
IS,IS1,14-Aug,PIJE,92.8,,43.0,-14.8,3.2,9.0,5.0,,
IS,IS1,14-Aug,PIJE,32.0,,43.0,-37.2,3.0,3.5,3.0,,
IS,IS1,14-Aug,PIJE,39.5,,43.4,-34.8,3.1,4.5,2.5,,
IS,IS1,16-Aug,PICO,18.0,1,43.6,-0.2,3.0,,1.0,,exit holes
IS,IS1,14-Aug,PIJE,28.0,1,43.8,-0.2,3.0,,-0.5,,
IS,IS1,14-Aug,PIJE,23.8,,44.5,-33.2,3.1,3.5,3.0,,
IS,IS1,14-Aug,PIJE,72.0,,45.0,-10.6,3.0,14.0,5.0,,
IS,IS1,14-Aug,PIJE,17.2,1,45.1,-18.2,3.1,,3.8,,
IS,IS1,16-Aug,PIJE,22.6,,45.7,-21.7,3.4,6.0,2.0,,
IS,IS1,16-Aug,PIJE,15.2,,46.2,8.4,3.0,3.0,0.3,,
IS,IS1,16-Aug,PIJE,19.8,,46.5,8.7,2.9,3.5,0.2,,
IS,IS1,14-Aug,PIJE,68.8,,46.7,-12.7,3.3,9.0,5.2,,
IS,IS1,14-Aug,PIJE,16.9,1,47.2,-20.4,3.3,,3.0,,
IS,IS1,14-Aug,PIJE,22.1,,48.0,-18.8,3.3,9.0,3.1,,
IS,IS1,16-Aug,PIJE,86.9,,48.4,-5.8,3.2,13.5,4.0,27,
IS,IS1,16-Aug,PIJE,47.3,,49.1,18.5,3.1,6.9,0.5,,
IS,IS1,14-Aug,PIJE,9.7,1,50.6,-15.8,2.9,,2.5,,
IS,IS1,16-Aug,PICO,31.0,1,50.7,1.2,3.2,,0.4,,
IS,IS1,16-Aug,PIJE,20.3,,54.0,-4.8,3.3,6.5,2.5,,RTB
IS,IS1,16-Aug,PIJE,11.7,1,54.6,6.4,3.2,,2.5,,
IS,IS1,16-Aug,PIJE,70.8,,54.8,7.5,3.2,10.3,5.5,17,
IS,IS1,16-Aug,PICO,13.0,1,55.4,9.7,3.3,,2.7,,
IS,IS1,14-Aug,PIJE,28.9,,367.0,-18.8,2.9,9.7,3.0,,
IS,IS2,17-Aug,PIJE,37.5,,-54.3,3.2,-7.0,2.3,0.4,,
IS,IS2,17-Aug,PIJE,15.3,,-53.9,-6.4,-6.3,2.6,0.3,,
IS,IS2,17-Aug,PIJE,30.8,,-53.6,-5.1,-6.4,2.8,1.7,,
IS,IS2,17-Aug,PIJE,28.9,,-53.5,-5.5,-6.3,2.7,1.6,,
IS,IS2,17-Aug,PIJE,18.7,,-52.6,9.4,-6.2,1.8,0.4,,
IS,IS2,17-Aug,PIJE,32.2,,-52.4,7.2,-6.5,2.3,0.5,,
IS,IS2,17-Aug,PIJE,8.0,,-52.1,17.7,-5.3,1.2,0.3,,
IS,IS2,17-Aug,PIJE,9.3,1,-49.6,-20.8,-5.2,,1.8,,
IS,IS2,16-Aug,PIJE,95.2,,-48.5,-20.5,-4.9,6.8,6.7,,
IS,IS2,16-Aug,PIJE,65.3,,-47.0,-25.3,-4.4,8.8,3.7,46,
IS,IS2,16-Aug,PIJE,17.0,,-46.3,-30.6,-4.1,3.6,0.5,,
IS,IS2,16-Aug,PIJE,47.6,,-45.8,-26.0,-4.2,8.0,3.5,,
IS,IS2,17-Aug,PIJE,74.6,,-45.6,-21.3,-4.4,6.8,5.3,45,
IS,IS2,17-Aug,PIJE,25.0,,-44.6,-0.9,-4.9,2.2,0.3,,
IS,IS2,16-Aug,PIJE,11.0,1,-44.5,-25.0,-4.1,,2.6,,
IS,IS2,16-Aug,PIJE,10.1,1,-44.3,-24.0,-4.2,,2.7,,
IS,IS2,16-Aug,PIJE,12.1,2,-42.9,-33.7,-3.4,,0.7,,
IS,IS2,16-Aug,PIJE,7.9,1,-41.5,-22.9,-3.9,,1.5,,
IS,IS2,17-Aug,PIJE,29.6,,-40.6,-0.2,-4.4,4.0,0.4,,
IS,IS2,16-Aug,PIJE,10.6,1,-39.6,-25.7,-3.5,,0.4,,
IS,IS2,17-Aug,PIJE,101.2,,-39.5,12.7,-4.5,7.7,2.4,,
IS,IS2,16-Aug,PIJE,41.3,,-39.2,-34.4,-3.1,3.7,1.9,,
IS,IS2,17-Aug,PIJE,10.0,,-38.8,-0.3,-4.3,2.4,0.8,,
IS,IS2,17-Aug,PIJE,22.5,,-38.7,-1.7,-4.1,2.1,1.5,,
IS,IS2,17-Aug,PIJE,16.0,,-38.0,-0.6,-4.1,2.1,1.6,,
IS,IS2,17-Aug,PIJE,16.8,,-38.0,-1.3,-4.2,2.1,1.6,,
IS,IS2,16-Aug,PIJE,14.2,,-37.6,-4.3,-4.1,2.7,0.3,,
IS,IS2,17-Aug,PIJE,18.2,,-37.0,-9.6,-3.6,0.2,1.8,,
IS,IS2,16-Aug,PIJE,19.4,,-36.6,-6.2,-3.7,1.8,0.4,,
IS,IS2,16-Aug,PIJE,32.5,,-36.1,-35.6,-2.8,3.2,2.8,,
IS,IS2,16-Aug,PIJE,19.0,,-35.9,-7.3,-3.7,2.2,0.6,,
IS,IS2,16-Aug,PIJE,27.2,,-35.8,-5.3,-3.7,3.2,1.4,,
IS,IS2,16-Aug,PIJE,10.9,,-35.4,-4.8,-3.7,2.6,0.8,,
IS,IS2,17-Aug,PIJE,90.0,,-35.2,36.5,-4.4,7.0,5.0,55,
IS,IS2,17-Aug,PIJE,31.6,,-34.6,23.5,-3.9,4.0,3.7,,
IS,IS2,17-Aug,PIJE,30.5,,-34.1,-9.3,-3.4,3.2,1.6,,
IS,IS2,17-Aug,PIJE,21.8,,-33.8,8.4,-3.9,3.5,0.4,,
IS,IS2,16-Aug,PIJE,21.0,,-33.4,-24.8,-2.8,2.8,1.8,,
IS,IS2,17-Aug,PIJE,20.4,1,-33.1,26.8,-3.8,,0.6,,
IS,IS2,17-Aug,PIJE,10.0,1,-31.8,-2.8,-3.4,,0.8,,
IS,IS2,16-Aug,PIJE,14.7,,-31.4,-19.9,-2.9,3.2,1.8,,
IS,IS2,16-Aug,PIJE,24.5,,-31.3,-25.9,-2.7,2.6,1.3,,
IS,IS2,17-Aug,PIJE,11.7,,-31.0,-4.5,-3.3,2.7,0.5,,
IS,IS2,16-Aug,PIJE,14.2,,-30.4,-26.9,-2.4,2.4,0.4,,
IS,IS2,16-Aug,PIJE,59.7,,-30.3,-1.9,-3.2,5.4,1.6,44,
IS,IS2,16-Aug,PIJE,14.2,,-30.0,-12.3,-2.9,2.3,1.5,,
IS,IS2,17-Aug,PIJE,70.7,,-28.2,35.4,-3.5,10.0,3.5,,
IS,IS2,16-Aug,PIJE,17.5,,-28.0,-23.2,-2.2,3.2,2.1,,
IS,IS2,17-Aug,PIJE,97.5,,-27.7,18.0,-3.3,5.8,3.2,,
IS,IS2,17-Aug,PIJE,16.8,1,-27.2,23.3,-3.2,,2.1,,
IS,IS2,16-Aug,PIJE,9.0,1,-27.0,-26.0,-1.9,,1.1,,
IS,IS2,16-Aug,PIJE,41.5,,-26.0,-37.6,-2.0,2.8,1.4,39,
IS,IS2,17-Aug,PIJE,14.9,,-26.0,8.3,-2.7,2.0,0.3,,
IS,IS2,16-Aug,PIJE,93.5,,-25.9,-26.9,-1.6,5.8,1.7,,
IS,IS2,16-Aug,PIJE,103.2,,-25.9,-11.9,-2.2,7.7,3.6,,
IS,IS2,16-Aug,PIJE,6.0,1,-25.5,-24.1,-1.8,,0.8,,
IS,IS2,17-Aug,PIJE,19.8,,-24.9,-45.8,-2.2,4.0,3.5,,
IS,IS2,17-Aug,PIJE,11.7,1,-24.7,-46.2,-2.0,,2.5,,
IS,IS2,16-Aug,PIJE,15.3,,-23.3,-9.3,-2.0,3.4,2.0,,
IS,IS2,16-Aug,PIJE,11.0,,-23.1,-23.2,-1.0,2.0,1.3,,
IS,IS2,16-Aug,PIJE,42.6,,-23.1,-41.0,-1.8,5.4,1.5,,
IS,IS2,16-Aug,PIJE,6.8,1,-23.0,-22.3,-1.2,,1.2,,
IS,IS2,16-Aug,PIJE,16.0,,-22.6,-23.8,-1.0,2.4,1.8,,
IS,IS2,16-Aug,PIJE,16.3,,-22.4,-14.1,-1.6,3.0,1.8,,
IS,IS2,17-Aug,PIJE,11.6,,-22.2,11.7,-2.5,2.2,0.4,,
IS,IS2,16-Aug,PIJE,10.7,,-21.8,-22.1,-1.3,2.9,1.8,,
IS,IS2,17-Aug,PIJE,65.7,,-21.6,24.3,-2.6,11.3,4.5,,
IS,IS2,16-Aug,PIJE,29.5,,-21.2,12.2,-2.2,2.9,1.6,43,
IS,IS2,17-Aug,PIJE,16.2,,-21.0,6.4,-2.0,2.3,0.4,,
IS,IS2,16-Aug,PIJE,16.9,,-20.7,-40.6,-1.5,3.3,0.8,,
IS,IS2,16-Aug,PIJE,13.7,,-20.6,-22.9,-1.0,2.9,2.2,,
IS,IS2,17-Aug,PIJE,86.9,,-20.5,30.0,-2.5,10.4,5.5,52,
IS,IS2,16-Aug,PIJE,17.1,,-20.4,-12.0,-1.6,3.7,2.2,,
IS,IS2,16-Aug,PIJE,15.6,,-20.2,-22.1,-1.2,3.1,2.3,,
IS,IS2,16-Aug,PIJE,7.6,1,-19.9,-22.4,-1.0,,2.0,,
IS,IS2,16-Aug,PIJE,28.0,,-19.8,-40.7,-1.5,3.3,2.7,,
IS,IS2,16-Aug,PIJE,7.3,1,-18.9,-21.0,-0.9,,1.8,,
IS,IS2,16-Aug,PIJE,11.8,1,-18.6,-20.9,-0.9,,2.2,,
IS,IS2,16-Aug,PIJE,7.3,1,-18.5,-21.7,-1.0,,1.7,,
IS,IS2,16-Aug,PIJE,6.1,1,-18.0,-21.2,-0.6, ,1.0,,
IS,IS2,17-Aug,PIJE,102.3,,-17.9,5.4,-1.8,4.7,1.7,,
IS,IS2,17-Aug,PIJE,94.4,,-17.3,32.9,-2.2,11.2,7.7,,
IS,IS2,16-Aug,PIJE,95.3,,-15.9,-4.3,-1.7,7.6,4.4,,
IS,IS2,16-Aug,PIJE,100.5,,-15.4,-28.8,-0.8,10.2,4.6,,
IS,IS2,16-Aug,PIJE,23.0,,-15.1,-48.9,-1.3,2.6,0.3,,
IS,IS2,17-Aug,PIJE,111.7,,-14.6,24.1,-1.8,8.7,2.9,,
IS,IS2,16-Aug,PIJE,17.8,,-14.3,-25.6,-0.7,3.7,0.4,,
IS,IS2,16-Aug,PIJE,15.2,1,-13.2,-20.3,-0.5,,2.5,,
IS,IS2,16-Aug,PIJE,11.5,,-11.8,-25.3,-0.3,3.5,1.7,,
IS,IS2,16-Aug,PIJE,21.5,,-11.5,-24.3,-0.3,2.7,1.6,,
IS,IS2,16-Aug,PIJE,17.0,,-11.1,-2.7,-1.2,3.3,1.8,42,
IS,IS2,16-Aug,PIJE,75.0,,-10.0,-23.0,-0.2,2.4,1.7,,
IS,IS2,16-Aug,PIJE,22.8,,-9.0,-52.1,-1.0,2.2,0.2,,
IS,IS2,16-Aug,PIJE,25.0,,-7.2,-22.8,-0.1,2.6,2.0,38,
IS,IS2,16-Aug,PIJE,28.7,,-5.9,-51.5,-0.7,2.7,0.5,41,
IS,IS2,16-Aug,PIJE,42.3,,-5.5,-55.7,-0.7,4.2,1.2,40,
IS,IS2,17-Aug,PIJE,20.3,,-5.2,2.9,-0.4,2.8,0.3,,
IS,IS2,17-Aug,PIJE,75.4,,-4.9,14.4,-0.2,6.4,2.5,51,
IS,IS2,17-Aug,PIJE,24.0,,-3.3,32.1,-0.3,0.8,2.3,,
IS,IS2,17-Aug,PIJE,114.0,,-2.3,12.2,-0.2,14.3,2.9,,
IS,IS2,17-Aug,PIJE,8.0,1,-2.1,15.1,0.0,,1.1,,
IS,IS2,16-Aug,PIJE,53.0,,-1.9,-53.1,-0.4,4.4,2.0,49,
IS,IS2,17-Aug,PIJE,14.0,,-1.7,11.7,0.1,3.4,0.5,,
IS,IS2,16-Aug,PIJE,21.9,,-0.5,-50.7,-0.4,2.1,1.7,,
IS,IS2,17-Aug,PIJE,13.0,1,-0.3,3.0,-0.1,,2.2,,
IS,IS2,16-Aug,PIJE,18.3,,-0.2,10.9,0.2,3.9,0.3,34,
IS,IS2,16-Aug,PIJE,13.4,1,0.3,15.2,0.3,,2.0,,
IS,IS2,16-Aug,PIJE,120.6,,0.3,-7.1,-0.1,10.8,5.8,,
IS,IS2,17-Aug,PIJE,21.1,,0.5,-54.2,-0.5,1.9,0.6,,
IS,IS2,16-Aug,PICO,18.0,1,1.0,13.7,0.3,,1.5,,
IS,IS2,16-Aug,PIJE,7.0,1,1.1,14.5,0.2,,1.0,,
IS,IS2,17-Aug,PIJE,8.1,1,1.3,-1.5,0.1,,1.8,,
IS,IS2,16-Aug,PIJE,10.8,1,1.7,16.1,0.4,,2.0,,
IS,IS2,17-Aug,PIJE,12.4,1,1.8,-27.7,0.3,,1.8,,
IS,IS2,17-Aug,PIJE,22.5,,2.0,-44.5,-0.1,2.3,1.0,,
IS,IS2,16-Aug,PIJE,92.7,,2.2,-13.8,0.3,6.1,4.7,,
IS,IS2,16-Aug,PIJE,9.8,1,2.4,17.4,0.8,,2.2,,
IS,IS2,16-Aug,PIJE,8.2,1,2.4,19.6,0.5,,1.5,,
IS,IS2,17-Aug,PIJE,10.8,1,2.4,-0.1,0.2,,2.0,,
IS,IS2,16-Aug,PIJE,10.6,1,2.7,20.6,0.5,,1.5,,
IS,IS2,16-Aug,PIJE,15.4,1,3.1,13.2,0.4,,4.0,,
IS,IS2,16-Aug,PIJE,9.9,1,3.3,-2.5,0.2,,2.0,,
IS,IS2,16-Aug,PIJE,25.8,,4.0,28.4,0.5,4.3,2.0, ,
IS,IS2,16-Aug,PIJE,76.4,,4.3,-13.2,0.3,7.1,5.9,47,
IS,IS2,16-Aug,PIJE,10.0,1,4.3,17.2,0.8,,2.0,,
IS,IS2,16-Aug,PIJE,10.4,1,4.5,-3.2,0.2,,1.8,,
IS,IS2,17-Aug,PIJE,32.5,,4.7,48.1,0.2,2.2,1.0,,
IS,IS2,16-Aug,PIJE,26.1,,5.1,31.1,0.8,4.3,2.0,,
IS,IS2,16-Aug,PIJE,78.2,1,5.2,20.3,0.9,,2.3,,
IS,IS2,16-Aug,PIJE,11.7,1,5.4,-0.3,0.4,,2.3,,
IS,IS2,16-Aug,PIJE,5.5,1,5.9,15.2,0.9,,1.5,,
IS,IS2,16-Aug,PIJE,97.5,,6.0,6.5,0.6,7.0,6.1,,
IS,IS2,16-Aug,PIJE,29.0,,6.2,30.2,1.0,6.4,1.5,35,
IS,IS2,16-Aug,PIJE,13.3,1,6.8,-33.3,0.6,,1.5,,
IS,IS2,16-Aug,PIJE,40.0,,6.9,35.5,0.8,4.4,3.0,,
IS,IS2,16-Aug,PIJE,10.0,1,6.9,18.8,1.1,,2.1,,
IS,IS2,16-Aug,PIJE,28.2,,7.3,51.2,-0.1,3.6,2.5,,
IS,IS2,16-Aug,PIJE,20.7,1,7.6,-1.5,0.6,,2.9,,
IS,IS2,16-Aug,PIJE,17.8,1,8.4,2.0,0.4,,25.0,,
IS,IS2,16-Aug,PIJE,16.1,1,8.5,20.6,1.3,,2.0,,
IS,IS2,16-Aug,PIJE,106.5,,8.6,10.4,0.9,11.3,6.3,,
IS,IS2,16-Aug,PIJE,50.5,,9.1,41.7,0.6,4.8,3.0,50,
IS,IS2,16-Aug,PIJE,14.3,1,9.4,-3.8,0.5,,2.3,,
IS,IS2,16-Aug,PIJE,14.7,1,10.3,21.2,1.6,,2.8,,
IS,IS2,16-Aug,PIJE,138.0,,10.4,16.7,1.4,11.2,5.6,,
IS,IS2,16-Aug,PIJE,5.8,1,10.7,-4.0,0.6,,1.4,,
IS,IS2,16-Aug,PIJE,9.8,1,11.4,-25.8,0.8,,1.5,,
IS,IS2,16-Aug,PIJE,17.6,1,11.8,25.5,0.9,,2.3,,
IS,IS2,16-Aug,PIJE,89.2,,13.5,53.4,0.8,7.3,4.6,,
IS,IS2,16-Aug,PIJE,94.7,,13.9,52.0,0.8,5.0,4.2,,
IS,IS2,16-Aug,PIJE,7.8,1,14.1,-8.1,0.7,,1.0,,
IS,IS2,16-Aug,PIJE,8.9,1,14.7,-12.2,1.0,,0.3,,
IS,IS2,16-Aug,PIJE,11.8,1,16.2,-7.4,0.9,,1.4,,
IS,IS2,16-Aug,PIJE,16.9,1,16.3,-31.3,1.2,,2.0,,
IS,IS2,16-Aug,PIJE,107.4,,16.8,-12.8,1.2,7.1,3.8,,
IS,IS2,16-Aug,PIJE,21.4,,17.2,-10.5,1.1,5.3,1.8,,
IS,IS2,16-Aug,PIJE,8.4,1,18.9,-11.0,1.1,,1.5,,
IS,IS2,16-Aug,PIJE,9.6,1,19.8,-12.6,1.3,,1.5, ,
IS,IS2,16-Aug,PIJE,8.0,1,20.2,-9.9,9.0,1.2,1.3,,
IS,IS2,16-Aug,PIJE,9.7,1,20.3,-11.8,1.3,,1.6,,
IS,IS2,16-Aug,PIJE,92.4,,22.3,-30.8,1.5,.9.2,6.9,,
IS,IS2,16-Aug,PIJE,15.0,,22.9,-6.8,1.4,3.2,0.5,,
IS,IS2,16-Aug,PIJE,6.7,1,27.9,-13.6,1.8,,0.4,,
IS,IS2,16-Aug,PIJE,81.2,,28.1,-25.0,1.7,7.7,3.3,48,
IS,IS2,17-Aug,PIJE,14.3,,29.7,-21.6,1.9,1.9,1.0,,
IS,IS2,17-Aug,PIJE,12.0,,29.9,-24.1,1.8,2.5,0.8,,
IS,IS2,16-Aug,PIJE,112.0,,31.4,-40.9,1.5,7.8,2.0,,
IS,IS2,16-Aug,PIJE,19.5,,33.5,-17.4,2.3,2.2,1.6,,
IS,IS2,16-Aug,PIJE,14.1,,35.5,-20.0,2.4,2.5,1.4,37,
IS,IS2,16-Aug,PIJE,15.4,,35.7,-39.1,1.7,2.1,0.4,,
IS,IS2,16-Aug,PIJE,141.2,,36.0,-22.7,2.3,8.1,5.5,,
IS,IS2,16-Aug,PIJE,16.0,,36.9,-24.0,2.3,1.7,1.0,,
IS,IS2,17-Aug,PIJE,108.9,,37.7,41.5,30.0,6.9,4.6,,
IS,IS2,16-Aug,PIJE,72.5,,50.0,-21.3,4.5,4.8,0.2,,
IS,IS2,16-Aug,PIJE,116.3,,50.7,12.3,4.1,7.0,6.8,,
IS,IS2,16-Aug,PIJE,21.3,,52.2,16.9,3.8,4.3,3.0,36,
IS,IS3,8/23/2018,PIJE,25.2,2,-54.8,9.3,-1.4,,1.6,,broken by falling tree
IS,IS3,8/23/2018,PIJE,17.3,,-53.6,0.7,-2.1,3.2,1.9,,
IS,IS3,8/23/2018,PIJE,45.3,,-53.5,3.4,-1.7,4.3,0.9,,
IS,IS3,8/23/2018,PIJE,30.8,,-51.8,13.5,-0.9,4.7,1.7,,
IS,IS3,8/23/2018,PIJE,13.8,,-51.6,-6.4,-2.4,2,1.5,,
IS,IS3,8/23/2018,PIJE,16.8,,-50.6,-18.1,-3.3,3.3,1.1,,
IS,IS3,8/23/2018,PIJE,35.3,,-49.3,17.2,-0.6,4.6,1.2,,
IS,IS3,8/23/2018,PIJE,37.6,,-48.7,19.2,-0.4,4.7,1.6,,
IS,IS3,8/23/2018,PIJE,33.5,,-48.6,-4.1,-1.9,4.5,2.6,,
IS,IS3,8/23/2018,PIJE,31.4,,-48.5,20,-0.4,4.1,1.6,,
IS,IS3,8/23/2018,PIJE,88.2,,-45.7,-25.8,-3.7,11.7,5.1,,
IS,IS3,8/23/2018,PIJE,16.9,,-44.7,-3.8,-1.5,3.5,1.4,,
IS,IS3,8/23/2018,PIJE,74.7,,-44.5,9.2,-0.8,5.1,1.9,,
IS,IS3,8/23/2018,PIJE,24.1,,-44.4,-3.1,-1.4,4.5,2.1,,
IS,IS3,8/23/2018,PIJE,64.8,,-43.9,-17.9,-2.6,9.1,4.2,,
IS,IS3,8/23/2018,PIJE,22.2,,-43.5,-2.8,-1.3,4.5,2.3,,
IS,IS3,8/23/2018,PIJE,32.8,,-43.4,10.4,-0.8,5.1,2.1,,
IS,IS3,8/23/2018,PIJE,25.3,,-43.3,-29.4,-3.9,4.7,1.7,85,
IS,IS3,8/23/2018,PIJE,8.9,1,-41.5,-0.5,-1,,1.5,,
IS,IS3,8/23/2018,PIJE,51.7,,-41.2,6,-0.6,5.6,2.3,86,
IS,IS3,8/23/2018,PIJE,26.5,,-40.5,11.2,-0.6,4.9,3.6,78,
IS,IS3,8/23/2018,PIJE,25,,-40.4,1,-0.8,4,3.3,,
IS,IS3,8/23/2018,PIJE,100.9,,-39.5,32.2,0.8,5.5,0.4,,
IS,IS3,8/23/2018,PIJE,26,,-38.9,-2.3,-0.8,3.8,2,,
IS,IS3,8/23/2018,PIJE,129.5,,-38.8,28.9,0.8,11.9,0.5,,
IS,IS3,8/23/2018,PIJE,30.8,,-38.3,-40.1,-3.9,9.4,2.7,,
IS,IS3,8/23/2018,PIJE,42.7,,-38.2,19.1,0,4.9,1.9,,
IS,IS3,8/23/2018,PIJE,65.9,,-36.9,-22.2,-2.7,13,3.4,79,
IS,IS3,8/23/2018,PIJE,10.8,1,-36.5,-5.4,-0.9,,1.7,,
IS,IS3,8/23/2018,PIJE,102.4,,-36.2,-14.2,-1.5,11.5,3.1,,
IS,IS3,8/23/2018,PIJE,34.3,,-35.4,17.6,-0.3,3.8,1.5,,
IS,IS3,8/23/2018,PIJE,112.2,,-34.8,35.5,1.5,10.6,6.5,,
IS,IS3,8/23/2018,PIJE,95.6,,-34,-9.5,-1,12,2.8,,
IS,IS3,8/23/2018,PIJE,38.3,,-32,-41.1,-3.3,9.3,8,,
IS,IS3,8/23/2018,PIJE,85,,-31.6,-14.1,-1.5,14.2,2,,
IS,IS3,8/23/2018,PIJE,30.5,,-30,9.8,0.5,4.1,1.4,,
IS,IS3,8/23/2018,PIJE,87,,-26.3,18.7,0.7,6.8,4,,
IS,IS3,8/23/2018,PIJE,98.4,,-26.3,25.4,1.2,9.3,5.7,,
IS,IS3,8/23/2018,PIJE,120.4,,-26.2,-28.3,-2.9,12.8,9.8,,
IS,IS3,8/23/2018,PIJE,22.5,1,-23.1,-37,-2.9,,5.2,,
IS,IS3,8/23/2018,PIJE,58,,-22.8,-39.9,-2.7,9.1,8.5,90,
IS,IS3,8/23/2018,PIJE,98.5,,-22.3,-22.4,-2.1,15.5,7.1,,
IS,IS3,8/23/2018,PIJE,37.9,,-21.7,-36.3,-2.7,8.8,7.2,,
IS,IS3,8/23/2018,PIJE,78.3,,-21.5,30.4,1.6,9.7,5.2,83,
IS,IS3,8/23/2018,PIJE,90.3,,-21.4,-11.4,-1,11.6,4.5,,
IS,IS3,8/23/2018,PIJE,54.1,,-21.2,-42.1,-2.5,8.9,7.2,,
IS,IS3,8/23/2018,PIJE,110,,-20.9,-15.2,-1.2,14.2,6.5,,
IS,IS3,8/23/2018,PIJE,23.6,,-20.3,36,2.1,3.6,1.6,,
IS,IS3,8/23/2018,PIJE,20.2,,-18.4,-2.1,0,3.9,2.5,,
IS,IS3,8/23/2018,PIJE,33,1,-18,-39.2,-2.3,,4.5,,exit holes
IS,IS3,8/23/2018,PIJE,72.9,,-17.6,-5.2,-0.5,7.3,2.5,,very dead crown
IS,IS3,8/23/2018,PIJE,32.2,1,-16.5,-29.9,-2.5,,4.4,,
IS,IS3,8/23/2018,PIJE,26,,-16.2,-42.3,-2.1,9.3,5,,
IS,IS3,8/23/2018,PIJE,41.3,,-15.4,-42.1,-2,8.3,7.5,,
IS,IS3,8/23/2018,PIJE,52.4,,-15.3,-48.8,-1.7,10.2,4.4,89,
IS,IS3,8/23/2018,PIJE,37.2,,-14.7,-37.3,-2,10.6,7.4,,
IS,IS3,8/23/2018,PIJE,15,1,-12.9,30.5,2.1,,1.8,,
IS,IS3,8/23/2018,PIJE,44.2,,-12.4,-37.9,-1.8,11.8,8.5,,
IS,IS3,8/23/2018,PIJE,35.3,,-12.3,-44.3,-1.7,9.5,4.7,,
IS,IS3,8/23/2018,PIJE,76.9,,-11.8,44.6,3.1,8.9,1.9,,
IS,IS3,8/23/2018,PIJE,29.7,1,-9.1,-46.2,-1.5,,4,,
IS,IS3,8/23/2018,PIJE,9.1,1,-8.8,27.3,2.2,,1.6,,
IS,IS3,8/23/2018,PIJE,5.5,,-8.8,16.1,1.5,0.4,0,,
IS,IS3,8/23/2018,PIJE,80.9,,-6.5,41.3,3.3,8.8,5.6,,
IS,IS3,8/23/2018,PIJE,44.2,,-6.2,-30.7,-1.5,10,5.3,,
IS,IS3,8/23/2018,PIJE,28,,-6.1,29.7,2.5,4.4,2.4,,
IS,IS3,8/23/2018,PIJE,39.7,,-3.9,-20.9,-1.4,5.8,1.5,81,
IS,IS3,8/23/2018,PIJE,21,,-3.1,14.5,1.4,1.6,0.5,,
IS,IS3,8/23/2018,PIJE,36,,-2.4,-27.7,-1.2,9,1.5,,
IS,IS3,8/23/2018,PIJE,80.7,,-1.2,11.8,1.2,9,0.2,73,
IS,IS3,8/23/2018,PIJE,45.9,1,0.9,-39.9,-0.7,,5.4,,rtb
IS,IS3,8/23/2018,PIJE,32.3,,1.5,-18,-0.9,5.3,1.5,,
IS,IS3,8/23/2018,PIJE,26.3,1,1.6,-24.5,-0.8,,3,,
IS,IS3,8/23/2018,PIJE,39.2,,1.7,-43.8,-0.8,12.5,4.4,,rtb
IS,IS3,8/23/2018,PIJE,68.9,,2.2,-51.4,-0.5,14.6,13.9,80,
IS,IS3,8/23/2018,PIJE,27.4,,2.2,-17.4,-0.8,8.2,1.7,,
IS,IS3,8/23/2018,PIJE,33.5,,2.3,-24,-0.7,7.8,3.7,,
IS,IS3,8/23/2018,PIJE,6.2,,2.4,17.9,1.8,0.9,0.6,84,
IS,IS3,8/23/2018,PIJE,76.1,,2.5,31.2,3.1,7.2,1.8,71,
IS,IS3,8/23/2018,PIJE,33.3,,2.6,49.6,4.3,4.1,2.6,76,
IS,IS3,8/23/2018,PIJE,13.2,,3.3,13.7,1.4,2.2,0.7,,
IS,IS3,8/23/2018,PIJE,14.8,,3.5,19,2,1.3,0.6,,
IS,IS3,8/23/2018,PIJE,30.6,,3.9,-19.4,-0.7,7.3,1.2,82,
IS,IS3,8/23/2018,PIJE,22.2,1,4.4,-19.2,-0.6,,2,,
IS,IS3,8/23/2018,PIJE,5.6,1,6.3,16,1.6,,1,,
IS,IS3,8/23/2018,PIJE,27,,6.6,-14.8,-0.4,6.1,3.5,,
IS,IS3,8/23/2018,PIJE,38.9,,6.7,-19,-0.4,8.4,2.8,,
IS,IS3,8/23/2018,PIJE,107.7,,6.8,13.3,1.3,6.1,2.8,,
IS,IS3,8/23/2018,PIJE,50.6,,6.9,-17.1,-0.3,8.6,5.3,,
IS,IS3,8/23/2018,PIJE,43.8,,7.5,29.5,3,3.9,2,70,
IS,IS3,8/23/2018,PIJE,42,1,7.5,-48.2,-0.2,,5.8,,bd
IS,IS3,8/23/2018,PIJE,57.6,1,7.5,-47.1,-0.3,,2.7,,bd
IS,IS3,8/23/2018,PIJE,44,,8.3,-16.9,-0.2,8.6,4.5,,
IS,IS3,8/23/2018,PIJE,68.5,,8.4,-27.1,-0.2,10.9,4.3,,splits just above DBH
IS,IS3,8/23/2018,PIJE,47.3,,9.8,24.8,2.7,3,1.9,,
IS,IS3,8/23/2018,PIJE,26.5,1,10.1,-51.5,-0.3,,8.4,,Stn y coord. May be off by 2.4
IS,IS3,8/23/2018,PIJE,31.4,,10.7,24.9,2.7,4.2,2.1,72,
IS,IS3,8/23/2018,PIJE,46.9,,11.7,-25.3,0.1,10.8,5.6,,
IS,IS3,8/23/2018,PIJE,88.1,,11.8,14,1.3,8.6,3.1,,
IS,IS3,8/23/2018,PIJE,36.3,,11.8,-34.3,0,8.9,2,,
IS,IS3,8/23/2018,PIJE,28.1,2,12.8,-51.1,0.1,,9,,
IS,IS3,8/23/2018,PIJE,25.6,1,13.7,-53.7,0.3,,6.9,,
IS,IS3,8/23/2018,PIJE,19.6,1,13.8,-22.4,0.1,,4.9,,e
IS,IS3,8/23/2018,PIJE,42.2,,14,-19.4,0.2,9.9,5.7,,
IS,IS3,8/23/2018,PIJE,37.9,,14.3,52.3,5.3,4.7,1.6,,
IS,IS3,8/23/2018,PIJE,26.2,1,14.4,-22.7,0.2,,5.6,,
IS,IS3,8/23/2018,PIJE,48.2,,14.4,-36.6,0.2,10.2,3.3,,
IS,IS3,8/23/2018,PIJE,34,,14.5,26.2,2.7,4.6,2.1,,
IS,IS3,8/23/2018,PIJE,47.6,,14.8,-24.3,0.2,10.3,7.3,,
IS,IS3,8/23/2018,PIJE,57.6,,15.2,-6.4,0.5,9.1,3.1,77,
IS,IS3,8/23/2018,PIJE,44,,15.3,4.4,0.9,5.9,1.5,74,
IS,IS3,8/23/2018,PIJE,19.9,,15.4,19.8,2,4,2,,
IS,IS3,8/23/2018,PIJE,28,1,15.7,-44.6,0.3,,3.4,,bd
IS,IS3,8/23/2018,PIJE,93.9,,16.2,15.1,1.5,5.8,3,,
IS,IS3,8/23/2018,PIJE,33,,16.6,-8.8,0.5,4.3,3.1,,
IS,IS3,8/23/2018,PIJE,33,,17.2,22.8,2.3,3.9,2,,
IS,IS3,8/23/2018,PIJE,50.2,,17.2,-31.4,0.4,10.4,4.4,,
IS,IS3,8/23/2018,PIJE,34.5,,17.5,-18.5,0.4,8.3,7.3,,
IS,IS3,8/23/2018,PIJE,22.5,1,17.8,-49.7,0.4,,1.7,,bd
IS,IS3,8/23/2018,PIJE,46,,17.9,-38,0.5,8.3,5.1,,
IS,IS3,8/23/2018,PIJE,20.1,1,17.9,-49.1,0.5,,2,,bd
IS,IS3,8/23/2018,PIJE,18.8,1,18,-49.9,0.6,,2,,bd
IS,IS3,8/23/2018,PIJE,25.5,1,18.4,-51.7,0.6,,2.4,,bd
IS,IS3,8/23/2018,PIJE,34.8,1,18.6,-46.5,0.6,,2.6,,bd
IS,IS3,8/23/2018,PIJE,25.8,,18.8,-43,0.6,11.2,3.1,,rtb
IS,IS3,8/23/2018,PIJE,51,1,18.9,-45.4,0.5,,3.2,,bd
IS,IS3,8/23/2018,PIJE,33.7,,19.1,18.7,1.8,4.3,3.6,,
IS,IS3,8/23/2018,PIJE,26,1,19.4,-51.2,0.8,,3.2,,bd
IS,IS3,8/23/2018,PIJE,34,,19.8,-42.5,0.7,8.8,3.5,,
IS,IS3,8/23/2018,PIJE,22.6,,20.1,16.5,1.6,43,3,75,
IS,IS3,8/23/2018,PIJE,42.7,,20.6,46.3,5.1,4.4,1.6,,
IS,IS3,8/23/2018,PIJE,47.5,,20.6,-17.6,0.7,12.3,8.4,,
IS,IS3,8/23/2018,PIJE,20,1,20.8,-40.7,0.8,,3.7,,
IS,IS3,8/23/2018,PIJE,24.9,1,20.8,-45.2,0.7,,2.3,,
IS,IS3,8/23/2018,PIJE,38.3,1,21.9,-19.7,0.7,,8.9,,rtb
IS,IS3,8/23/2018,PIJE,25.7,1,22.1,-30.6,0.7,,3.4,,bd
IS,IS3,8/23/2018,PIJE,55.6,,22.3,41.9,4.4,5,4.3,,
IS,IS3,8/23/2018,PIJE,34.6,1,22.8,-30.1,0.8,,4.5,,bd
IS,IS3,8/23/2018,PIJE,22.7,1,23.4,-25.9,0.7,,5.5,,bd
IS,IS3,8/23/2018,PIJE,27.4,,24.2,41.1,4.5,5.3,3.8,,
IS,IS3,8/23/2018,PIJE,38.7,,24.3,-26.6,0.9,105,4.5,,
IS,IS3,8/23/2018,PIJE,34.2,,24.8,12.6,1.8,6.1,2.5,,
IS,IS3,8/23/2018,PIJE,99.8,,25.2,-49.9,1.2,13.9,3.2,,
IS,IS3,8/23/2018,PIJE,50.2,,25.3,26.4,2.8,3.5,3.5,,
IS,IS3,8/23/2018,PIJE,34,1,25.6,-12.1,1.1,,5.5,,bd
IS,IS3,8/23/2018,PIJE,43.8,,26.1,-4.5,1.2,5.2,3.4,,
IS,IS3,8/23/2018,PIJE,75.4,,30.2,-23.8,1.5,9.6,6.4,,
IS,IS3,8/23/2018,PIJE,72.5,,31,-30.2,1.5,11,5,87,
IS,IS3,8/23/2018,PIJE,92,,31.2,7.5,2.1,11.5,5.9,,
IS,IS3,8/23/2018,PIJE,137.3,1,32.1,28.2,3,,4.6,,hit by lightning!
IS,IS3,8/23/2018,PIJE,77.8,,32.3,-5.8,1.7,9.5,9.7,,
IS,IS3,8/23/2018,PIJE,22.8,,32.5,-44.2,1.8,3.8,0.5,,
IS,IS3,8/23/2018,PIJE,16.5,,32.5,-44.6,1.8,3.8,0.5,,
IS,IS3,8/23/2018,PIJE,32,,33.8,-40.8,1.8,4.9,0.5,,
IS,IS3,8/23/2018,PIJE,46.2,,34.4,18.4,2.7,5.4,1.8,,
IS,IS3,8/23/2018,PIJE,10.1,1,35.7,-25.4,1.7,,2,,
IS,IS3,8/23/2018,PIJE,40.5,,35.8,33.1,3.2,4.4,4.5,,
IS,IS3,8/23/2018,PIJE,9.5,4,36.5,-4.5,2.2,,1.1,,
IS,IS3,8/23/2018,PIJE,33.9,,36.8,-4.2,2.3,6.7,4.2,,
IS,IS3,8/23/2018,PIJE,19.4,1,37.3,-5.8,2.1,,4.6,,
IS,IS3,8/23/2018,PIJE,37.5,,37.7,-27.5,2.1,5.2,2.9,,
IS,IS3,8/23/2018,PIJE,25.6,1,38.4,-2.1,2.6,,6.8,,
IS,IS3,8/23/2018,PIJE,47.8,,39.5,11,3,8.9,3.5,,
IS,IS3,8/23/2018,PIJE,32.3,,39.9,-22.9,2.3,3.5,1.9,,
IS,IS3,8/23/2018,PIJE,22.9,1,40.3,-1.5,2.7,,6,,
IS,IS3,8/23/2018,PIJE,18.9,1,40.6,-6.6,2.4,,4.5,,rtb
IS,IS3,8/23/2018,PIJE,35.2,,41,-8.4,2.4,8.5,6.4,,
IS,IS3,8/23/2018,PIJE,10.1,1,41,-2.6,2.8,,3.6,,
IS,IS3,8/23/2018,PIJE,11.2,2,41,-2.1,2.8,,5.1,,
IS,IS3,8/23/2018,PIJE,14,3,41.3,-6.6,2.4,,3,,
IS,IS3,8/23/2018,PIJE,34.5,,41.8,11.8,3.3,6.4,3.6,,
IS,IS3,8/23/2018,PIJE,30.4,,41.8,11.1,3.1,6.7,2.4,,
IS,IS3,8/23/2018,PIJE,34.8,2,41.9,2.5,3.1,,8.4,,
IS,IS3,8/23/2018,PIJE,21.8,2,42.1,-2.2,3,,5.7,,
IS,IS3,8/23/2018,PIJE,27.7,1,42.2,-3.3,2.9,,6.5,,
IS,IS3,8/23/2018,PIJE,6.5,2,42.3,-1.7,3,,2,,"lost leading meristem, growing crooked"
IS,IS3,8/23/2018,PIJE,20.5,1,43.6,-4,3,,4.1,,
IS,IS3,8/23/2018,PIJE,46.8,,48.3,-17.8,3.4,4.9,1.5,,
IS,IS3,8/23/2018,PIJE,37.2,,49.8,-15.4,3.4,5.6,3.2,,
IS,IS3,8/23/2018,PIJE,49.5,,50,-10.4,3.3,8,1.9,,
IS,IS3,8/23/2018,PIJE,43,,51.1,-19.8,3.6,5.5,1.7,,
IS,IS3,8/23/2018,PIJE,34.6,1,52.2,-1.6,3.7,,5.4,,
OH,OH1,21-Aug,PIJE,21.1,,-52.4,5.2,-10.9,1.8,0.9,,
OH,OH1,21-Aug,PIJE,39.0,,-47.0,14.6,-8.6,3.1,1.0,,
OH,OH1,21-Aug,PIJE,22.6,,-45.4,-1.3,-10.0,1.1,1.0,,
OH,OH1,21-Aug,PIJE,17.8,,-43.5,3.7,-9.1,1.2,0.0,,
OH,OH1,21-Aug,PIJE,17.4,,-42.8,16.2,-7.6,1.7,1.7,,
OH,OH1,21-Aug,PIJE,33.7,,-42.0,16.1,-7.0,2.5,2.0,,
OH,OH1,21-Aug,JUN,28.2,1,-41.4,37.9,-3.9,,7.0,,exit holes
OH,OH1,21-Aug,PIJE,27.3,,-41.1,12.5,-7.4,2.0,1.9,28,
OH,OH1,21-Aug,PIJE,15.0,,-39.8,28.6,-5.2,2.1,1.5,,
OH,OH1,21-Aug,PIJE,27.8,,-39.3,16.3,-6.4,2.9,2.9,,
OH,OH1,21-Aug,PIJE,26.0,,-38.7,-4.4,-9.1,1.5,1.5,,
OH,OH1,21-Aug,PIJE,8.8,,-38.6,17.0,-6.4,1.5,0.5,,
OH,OH1,21-Aug,PIJE,18.6,,-38.3,17.8,-6.3,1.5,1.0,27,
OH,OH1,21-Aug,JUN,21.2,1,-38.0,19.2,-5.8,,1.6,,
OH,OH1,21-Aug,PIJE,5.3,,-37.4,17.9,-5.7,1.2,0.5,,
OH,OH1,21-Aug,PIJE,11.7,,-37.3,17.9,-5.6,1.5,1.0,,
OH,OH1,21-Aug,PIJE,48.3,,-36.6,22.2,-5.3,5.4,1.3,26,
OH,OH1,21-Aug,PIJE,84.4,,-35.9,31.1,-3.5,4.4,1.9,7,
OH,OH1,21-Aug,PIJE,63.5,,-32.7,25.7,-3.8,4.9,5.2,8,
OH,OH1,21-Aug,PIJE,53.9,,-31.4,23.9,-4.0,5.3,2.9,6,
OH,OH1,21-Aug,PIJE,27.7,,-30.4,37.3,-1.6,2.2,1.2,,
OH,OH1,21-Aug,PIJE,53.2,,-30,30.6,-2.5,4.0,2.0,10,
OH,OH1,21-Aug,PIJE,19.0,,-28.1,40.1,-1.0,2.2,2.2,,
OH,OH1,21-Aug,PIJE,61.9,,-26.9,42.3,-0.1,5.1,4.3,19,
OH,OH1,21-Aug,PIJE,12.8,,-24.6,50.2,1.0,4.0,2.0,,
OH,OH1,21-Aug,PIJE,21.4,,-24.1,50.8,1.1,3.0,3.0,,
OH,OH1,21-Aug,PIJE,36.3,,-19.6,-42.1,-10.7,6.1,6.3,18,
OH,OH1,21-Aug,PIJE,107.7,,-19.5,-13.3,-5.6,9.6,3.2,5,
OH,OH1,21-Aug,PIJE,28.4,,-18.9,10.2,-2.7,2.9,2.9,,
OH,OH1,21-Aug,PIJE,34.9,5,-18.7,10.1,-2.4,,0.0,,
OH,OH1,21-Aug,PIJE,26.0,,-18.4,31.1,-0.2,1.3,1.7,2,
OH,OH1,21-Aug,PIJE,72.4,,-16.0,-0.8,-3.7,7.0,0.5,,
OH,OH1,21-Aug,PIJE,19.5,,-15.0,-23.0,-6.3,1.8,1.8,,
OH,OH1,21-Aug,PIJE,27.4,,-12.3,-20.2,-5.2,2.1,1.5,14,
OH,OH1,21-Aug,PIJE,128.9,,-6.3,-27.7,-5.9,12.0,1.8,,
OH,OH1,21-Aug,PIJE,77.0,,-5.9,8.0,-0.2,6.5,2.0,1,
OH,OH1,21-Aug,PIJE,10.5,,-5.8,-23.7,-4.6,0.9,0.4,,
OH,OH1,21-Aug,PIJE,86.1,,-5.2,-1.3,-1.3,6.8,1.5,30,
OH,OH1,21-Aug,PIJE,11.3,,-4.3,-20.9,-3.9,1.0,0.4,16,
OH,OH1,21-Aug,PIJE,17.2,,-3.5,-17.7,-3.1,1.7,0.4,20,
OH,OH1,21-Aug,PIJE,115.0,,-3.4,-17.5,-3.4,10.2,5.8,13,
OH,OH1,21-Aug,PIJE,12.2,,-3.3,-17.5,-2.9,1.5,0.7,,
OH,OH1,21-Aug,PIJE,68.0,,-3.0,40.7,4.4,8.0,5.8,3,
OH,OH1,21-Aug,PIJE,18.2,,-0.1,-22.3,-3.3,1.3,1.0,,
OH,OH1,21-Aug,PIJE,14.9,,0.3,-22.3,-3.2,1.3,1.0,,
OH,OH1,21-Aug,PIJE,67.8,,9.7,28.5,6.4,7.1,1.5,4,
OH,OH1,21-Aug,PIJE,66.6,,11.2,30.0,6.8,8.2,2.3,,
OH,OH1,21-Aug,PIJE,89.2,,11.7,-6.2,1.8,7.4,3.0,21,
OH,OH1,21-Aug,PIJE,86.4,,13.7,19.7,5.8,6.9,2.0,11,
OH,OH1,21-Aug,PIJE,75.2,,17.1,36.3,8.8,7.8,3.4,9,
OH,OH1,21-Aug,PIJE,87.2,,17.2,-5.3,3.2,7.7,1.2,25,
OH,OH1,21-Aug,PIJE,86.0,,17.4,0.9,2.9,9.5,2.1,29,
OH,OH1,21-Aug,PIJE,69.1,,18.4,30.0,8.4,9.8,1.5,12,
OH,OH1,21-Aug,ABCO,54.8,,19.4,-34.5,-2.4,1.9,0.6,,
OH,OH1,21-Aug,PIJE,86.5,,24.7,-14.7,2.6,4.9,2.2,,
OH,OH1,21-Aug,PIJE,71.0,,25.6,-24.4,0.8,5.4,0.6,17,
OH,OH1,21-Aug,PIJE,96.9,,26.2,-4.9,4.9,6.9,1.0,23,
OH,OH1,21-Aug,PIJE,99.5,,28.8,-28.8,0.6,6.1,1.0,15,
OH,OH1,21-Aug,PIJE,80.7,,33.6,-13.6,4.5,7.7,0.5,,
OH,OH1,21-Aug,PIJE,96.6,,37.4,-29.5,2.0,8.9,3.2,,
OH,OH1,21-Aug,PIJE,84.6,,40.9,-9.6,6.9,9.7,1.0,,
OH,OH1,21-Aug,PIJE,11.6,,42.3,-24.8,3.8,1.5,0.5,22,
OH,OH1,21-Aug,PIJE,13.7,,42.6,-24.5,4.0,1.7,1.4,,
OH,OH1,21-Aug,PIJE,24.0,,48.5,-23.8,5.4,2.1,1.3,24,
OH,OH1,21-Aug,PIJE,80.6,,48.5,13.4,12.7,4.1,1.0,,
OH,OH2,28-Aug,ABCO,42.9,1,-55.6,7.4,-8.0,,0.3,,
OH,OH2,28-Aug,CELE,7.7,,-53.8,-5.6,-3.6,1.4,0.0,,
OH,OH2,28-Aug,ABCO,6.6,,-53.3,-5.8,-3.5,0.5,0.0,,
OH,OH2,28-Aug,PIJE,25.2,,-51.9,4.1,-6.8,4.0,0.1,,
OH,OH2,28-Aug,ABCO,12.0,,-51.8,2.3,-6.3,2.0,0.7,,
OH,OH2,28-Aug,ABCO,42.5,2,-50.7,1.6,-6.2,,2.5,,
OH,OH2,28-Aug,JUGR,46.2,,-50.3,-16.6,0.5,2.0,0.0,,
OH,OH2,28-Aug,JUGR,7.5,2,-49.4,26.2,-5.1,,2.6,,
OH,OH2,28-Aug,ABCO,24.1,,-49.1,-17.3,0.4,1.9,0.0,,
OH,OH2,28-Aug,PICO,10.8,,-49.0,-9.8,-2.2,0.6,0.0,,
OH,OH2,28-Aug,CELE,10.0,,-48.9,-19.8,1.6,1.0,0.0,,
OH,OH2,28-Aug,ABCO,19.8,,-48.5,7.3,-7.9,1.6,0.2,,
OH,OH2,28-Aug,ABCO,6.1,,-48.4,-19.9,1.2,0.3,0.0,,
OH,OH2,28-Aug,ABCO,22.2,,-48.4,-5.0,-4.3,1.0,0.0,,
OH,OH2,28-Aug,JUGR,12.1,,-48.3,15.7,-6.6,0.7,0.3,,
OH,OH2,29-Aug,ABCO,14.0,,-48.1,4.5,-7.6,2.0,0.0,,
OH,OH2,28-Aug,PIFL,13.2,,-47.1,-12.8,-1.4,0.2,0.0,,
OH,OH2,28-Aug,ABCO,6.5,,-46.8,-11.8,-0.7,0.3,0.0,,
OH,OH2,28-Aug,PIJE,34.0,,-46.8,4.0,-5.9,5.0,0.0,,
OH,OH2,28-Aug,PIJE,11.2,,-46.6,31.2,-5.5,1.5,0.2,,
OH,OH2,28-Aug,PIJE,10.3,,-44.8,-18.9,1.9,1.7,0.0,,
OH,OH2,28-Aug,PIJE,16.0,,-44.6,6.9,-7.0,2.0,1.0,,
OH,OH2,28-Aug,ABCO,36.5,,-43.2,5.5,-6.0,6.0,0.2,,
OH,OH2,29-Aug,ABCO,47.7,,-43.1,22.7,-4.9,6.0,2.2,,
OH,OH2,28-Aug,JUGR,14.7,1,-43.1,24.1,-4.1,,2.0,,
OH,OH2,28-Aug,PIFL,18.0,1,-43.1,5.8,-6.0,,0.7,,
OH,OH2,28-Aug,PIJE,8.6,,-43.1,-32.4,5.6,1.6,0.0,,
OH,OH2,28-Aug,PIJE,18.0,,-42.5,6.6,-6.7,2.5,0.5,,
OH,OH2,28-Aug,ABCO,10.4,,-42.4,-23.4,61.0,1.0,0.0,,
OH,OH2,29-Aug,JUGR,6.0,2,-41.7,21.9,-4.8,,0.0,,
OH,OH2,28-Aug,JUGR,15.2,1,-41.5,26.6,-4.6,,2.5,,
OH,OH2,29-Aug,ABCO,16.1,3,-41.4,23.1,-4.6,,0.1,,
OH,OH2,28-Aug,JUGR,13.3,2,-40.5,34.9,7.1,,3.5,,
OH,OH2,28-Aug,ABCO,104.9,3,-39.8,-12.2,-0.5,,0.0,,
OH,OH2,28-Aug,ABCO,51.2,,-39.2,-30.8,5.6,4.1,0.0,,
OH,OH2,28-Aug,PICO,27.8,,-37.3,2.7,-5.3,2.5,0.0,,
OH,OH2,28-Aug,JUGR,31.3,,-37.2,25.2,-3.8,3.0,2.5,,
OH,OH2,28-Aug,PIFL,43.6,,-36.5,-17.2,1.7,2.5,0.0,64,
OH,OH2,29-Aug,JUGR,14.1,,-36.4,29.5,-3.6,0.8,0.1,,
OH,OH2,29-Aug,JUGR,17.0,,-36.4,29.5,-3.6,2.0,0.1,,
OH,OH2,28-Aug,PICO,29.0,,-35.9,-2.1,-3.9,1.0,0.0,,
OH,OH2,28-Aug,PIJE,117.3,,-35.8,14.3,-4.6,10.9,3.5,57,
OH,OH2,28-Aug,CELE ,8.1,,-35.7,-14.3,-0.2,0.5,0.0,,
OH,OH2,28-Aug,ABCO,26.7,,-35.6,2.4,-4.9,2.0,0.0,,
OH,OH2,28-Aug,PICO,10.7,,-35.4,-9.4,-2.0,1.0,0.0,,
OH,OH2,28-Aug,PIJE,33.7,3,-35.4,-32.3,6.5,,0.0,,
OH,OH2,28-Aug,ABCO,5.1,,-35.3,-10.4,-1.4,0.5,0.0,,
OH,OH2,28-Aug,ABCO,19.0,,-35.2,-27.1,4.4,1.7,0.0,,
OH,OH2,28-Aug,PIJE,14.9,,-35.0,-28.8,5.3,1.5,0.0,,
OH,OH2,28-Aug,JUGR,14.2,,-35.0,37.9,7.9,1.0,0.0,,
OH,OH2,28-Aug,ABCO,8.4,,-34.8,-8.1,-2.4,1.6,0.0,,
OH,OH2,29-Aug,JUGR,14.9,2,-34.3,19.0,-3.6,,0.2,,
OH,OH2,28-Aug,PIJE,15.0,,-34.2,-7.1,-2.4,1.4,0.0,79,
OH,OH2,28-Aug,PIJE,20.1,,-34.0,-16.2,0.6,3.0,0.0,,
OH,OH2,28-Aug,JUGR,24.8,2,-33.0,44.2,-2.5,,0.4,,exit holes
OH,OH2,28-Aug,JUGR,25.0,,-32.5,40.7,-2.2,2.0,0.0,,
OH,OH2,28-Aug,JUGR,16.0,2,-32.5,44.8,-2.2,,4.0,,
OH,OH2,28-Aug,JUGR,14.4,,-32.1,38.5,-2.1,1.3,4.0,,
OH,OH2,28-Aug,ABCO,28.5,1,-32.1,-33.1,6.7,,0.0,,
OH,OH2,28-Aug,JUGR,15.4,,-31.7,22.7,-2.9,1.9,0.0,,
OH,OH2,28-Aug,ABCO,10.5,,-31.5,-40.4,9.1,1.0,0.0,,
OH,OH2,28-Aug,JUGR,34.7,,-31.3,33.5,5.7,2.0,0.2,,
OH,OH2,28-Aug,JUGR,20.1,,-31.0,27.6,-2.6,1.6,0.0,,
OH,OH2,28-Aug,ABCO,86.6,,-30.5,-17.1,1.1,4.5,0.0,,Splits below breast height but fused
OH,OH2,28-Aug,ABCO,95.7,4,-29.6,-28.1,4.9,,0.0,,
OH,OH2,28-Aug,JUGR,13.2,,-29.1,37.9,-1.1,1.0,0.0,,
OH,OH2,28-Aug,PIJE ,57.6,,-28.3,28.2,-1.8,6.5,1.8,75,
OH,OH2,28-Aug,PICO,9.0,1,-27.5,-22.0,2.8,,0.0,,
OH,OH2,28-Aug,JUGR,5.0,,-27.2,-45.9,11.2,0.4,0.0,,
OH,OH2,28-Aug,JUGR,14.0,3,-26.6,47.7,-0.4,,3.0,,
OH,OH2,28-Aug,PIJE,7.1,,-26.4,-44.0,10.9,1.4,0.0,,
OH,OH2,28-Aug,PICO,9.0,1,-26.2,-22.2,2.5,,0.0,,
OH,OH2,28-Aug,PICO,12.5,2,-25.9,-22.1,2.5,,0.0,,
OH,OH2,28-Aug,PIJE,9.7,,-25.0,-34.8,7.6,1.1,0.0,,
OH,OH2,28-Aug,ABCO,19.5,,-24.7,-44.5,11.1,1.5,0.0,,
OH,OH2,28-Aug,ABCO,14.9,,-24.6,-3.9,-3.0,0.5,0.0,,
OH,OH2,28-Aug,PICO,45.5,2,-24.1,-13.0,-0.2,,0.7,,
OH,OH2,28-Aug,PIJE,37.9,,-24.0,-33.2,7.2,3.3,0.0,,
OH,OH2,28-Aug,PIJE,21.0,,-23.7,20.2,-1.7,1.0,0.0,70,
OH,OH2,28-Aug,CELE,10.0,,-23.4,-3.1,-3.2,1.5,0.0,,same base
OH,OH2,28-Aug,CELE,5.0,,-23.4,-3.1,-3.2,1.5,0.0,,same base
OH,OH2,28-Aug,CELE,8.1,,-23.4,-3.1,-3.2,1.5,0.0,,same base
OH,OH2,28-Aug,PIJE,16.8,,-23.1,-48.6,12.5,2.5,0.0,,
OH,OH2,28-Aug,ABCO,16.6,3,-22.3,52.0,0.6,,0.0,,
OH,OH2,28-Aug,JUGR,51.6,,-22.1,25.4,-0.8,1.6,3.0,,
OH,OH2,28-Aug,CELE,5.5,,-21.9,-22.1,2.3,1.1,0.0,,
OH,OH2,28-Aug,ABCO,15.8,,-21.7,-13.5,0.0,2.0,0.0,,
OH,OH2,28-Aug,PICO,41.9,1,-21.5,-38.5,9.1,,0.0,,
OH,OH2,28-Aug,JUGR,93.6,,-20.1,-25.5,4.4,2.0,0.0,,
OH,OH2,28-Aug,PIJE,24.6,,-20.0,12.5,-2.0,2.0,0.3,69,
OH,OH2,28-Aug,PIJE,27.0,,-19.5,-0.1,-4.1,2.5,0.0,68,
OH,OH2,28-Aug,ABCO,71.9,,-19.1,51.3,1.5,6.4,0.5,,
OH,OH2,28-Aug,PIJE,36.2,,-18.9,-33.6,6.9,5.2,0.0,,
OH,OH2,28-Aug,PIJE,7.7,5,-18.5,-23.9,4.0,,0.0,,
OH,OH2,28-Aug,ABCO,19.1,,-18.0,-23.5,3.6,1.5,0.0,,
OH,OH2,28-Aug,PIJE,45.7,,-17.6,-13.7,0.5,4.6,0.0,77,
OH,OH2,28-Aug,JUGR,39.3,,-16.8,48.3,1.9,1.0,0.6,,
OH,OH2,28-Aug,ABCO,18.6,,-16.5,-12.0,0.0,1.6,0.0,,
OH,OH2,28-Aug,PIJE,20.7,,-16.2,-45.0,11.4,2.4,0.0,,
OH,OH2,28-Aug,PIJE,80.5,1,-15.3,-19.8,3.0,,0.0,,
OH,OH2,29-Aug,ABCO,20.7,,-14.7,53.5,2.3,4.0,0.6,,
OH,OH2,28-Aug,JUGR,18.1,,-14.0,20.9,0.0,0.8,0.3,,
OH,OH2,28-Aug,JUGR,25.9,,-13.8,26.6,0.9,1.0,0.1,,
OH,OH2,28-Aug,JUGR,9.3,,-13.2,47.9,2.7,1.3,0.0,,
OH,OH2,28-Aug,PIJE,74.3,,-12.2,-24.2,4.7,4.2,0.0,63,
OH,OH2,29-Aug,ABCO,48.8,,-12.2,54.3,2.8,8.0,0.3,,
OH,OH2,29-Aug,PIJE,84.5,,-12.0,37.6,2.4,5.4,3.0,76,
OH,OH2,29-Aug,ABCO,31.7,,-11.4,53.9,3.1,6.0,0.4,,
OH,OH2,29-Aug,JUGR,21.7,,-11.4,39.8,2.6,2.2,1.5,,
OH,OH2,28-Aug,PICO,8.7,,-11.4,-13.8,1.2,0.6,0.0,,
OH,OH2,28-Aug,PICO,8.6,,-11.3,-17.4,2.3,0.8,0.0,,
OH,OH2,29-Aug,ABCO,5.7,3,-11.0,54.8,3.1,,0.4,,
OH,OH2,28-Aug,PICO,12.0,,-10.0,-17.0,3.0,0.5,0.0,,
OH,OH2,29-Aug,PIJE,47.2,,-9.7,53.9,3.4,8.1,0.3,,
OH,OH2,28-Aug,PIJE,23.1,,-9.7,-48.3,12.5,3.0,0.0,,
OH,OH2,28-Aug,PIJE,99.0,,-9.5,15.0,0.2,4.5,1.5,56,
OH,OH2,28-Aug,JUGR,6.7,,-8.9,21.6,1.1,0.5,0.1,,
OH,OH2,29-Aug,ABCO,17.1,,-8.7,51.1,3.5,2.8,0.0,,
OH,OH2,28-Aug,PIJE,46.6,,-8.6,-1.2,-1.6,3.5,0.0,67,
OH,OH2,29-Aug,PIJE,37.2,,-8.4,55.3,3.7,7.5,0.6,,
OH,OH2,29-Aug,JUGR,9.5,2,-8.2,54.7,3.8,,0.3,,
OH,OH2,29-Aug,ABCO,38.1,,-8.0,51.2,3.9,3.5,0.1,,
OH,OH2,28-Aug,PIJE,65.0,,-7.4,4.6,-1.2,6.1,0.2,61,
OH,OH2,28-Aug,PIJE,34.8,,-7.4,-49.6,13.0,3.4,0.0,,
OH,OH2,29-Aug,ABCO,38.6,,-6.5,40.6,3.5,3.5,0.0,,
OH,OH2,29-Aug,ABCO,38.5,,-6.4,50.6,4.2,3.0,0.1,,
OH,OH2,28-Aug,PICO,9.2,,-6.1,-17.4,3.0,8.5,0.0,,
OH,OH2,28-Aug,PIJE,18.5,,-5.5,-50.4,13.2,2.0,1.8,,
OH,OH2,28-Aug,PIJE,99.6,,-5.0,-20.3,4.1,8.7,4.5,55,faint scorch
OH,OH2,29-Aug,JUGR,2.3,,-4.8,18.9,1.0,0.4,0.1,,
OH,OH2,29-Aug,PIJE,82.8,,-4.6,29.5,2.5,16.4,0.3,58,
OH,OH2,28-Aug,ABCO,56.5,1,-4.4,-45.0,11.5,,0.2,,
OH,OH2,28-Aug,PIJE,71.3,,-3.6,-4.4,-0.3,7.1,2.0,62,
OH,OH2,29-Aug,JUGR,5.9,,-3.2,35.5,3.4,0.4,0.1,,
OH,OH2,29-Aug,ABCO,78.5,,-3.1,-53.4,14.5,3.5,0.0,,
OH,OH2,29-Aug,PIJE,33.9,,-2.8,52.8,4.9,3.5,2.2,,
OH,OH2,29-Aug,PIJE,22.7,,-2.7,-53.8,14.9,3.0,0.0,,
OH,OH2,29-Aug,JUGR,107.4,,-2.1,33.5,3.6,2.5,0.0,,
OH,OH2,29-Aug,PIJE,75.5,,-2.1,-48.1,-0.4,,,,No crown and scorch ht 
OH,OH2,29-Aug,JUGR,13.1,,-2.0,36.0,3.6,1.5,0.2,,
OH,OH2,29-Aug,JUGR,7.8,2,-1.6,51.2,5.2,,0.2,,
OH,OH2,29-Aug,ABCO,17.1,,-1.5,52.7,5.2,2.5,0.4,,
OH,OH2,29-Aug,ABCO,40.2,,-0.8,52.6,5.5,5.5,0.3,,
OH,OH2,29-Aug,ABCO,36.6,,-0.6,4.1,0.3,2.1,0.2,71,
OH,OH2,29-Aug,ABCO,70.2,,0.4,54.9,5.8,8.5,1.0,,
OH,OH2,28-Aug,ABCO,34.0,,1.1,37.3,4.3,3.4,0.0,,
OH,OH2,29-Aug,ABCO,38.7,,1.3,52.0,5.9,7.0,0.5,,
OH,OH2,28-Aug,ABCO,31.3,,3.2,24.6,2.8,3.0,0.2,,
OH,OH2,28-Aug,ABCO,114.2,4,4.0,-9.5,1.2,,0.8,,
OH,OH2,28-Aug,PIJE,106.3,,4.8,21.1,3.0,9.8,1.7,50,
OH,OH2,29-Aug,JUGR,64.6,,6.0,47.3,6.6,3.1,0.2,,
OH,OH2,28-Aug,JUN,14.0,,6.1,24.6,3.4,,0.1,,
OH,OH2,29-Aug,ABCO,32.5,,6.2,24.9,2.8,3.5,0.5,,
OH,OH2,28-Aug,ABCO,32.4,,6.4,-24.6,6.4,4.0,0.0,,
OH,OH2,29-Aug,ABCO,6.7,,7.1,-14.3,2.9,0.5,0.0,,
OH,OH2,29-Aug,PIJE,6.7,,7.1,-14.3,2.9,0.5,0.0,,
OH,OH2,28-Aug,PIJE,5.5,,7.2,-39.0,9.6,1.0,0.0,,
OH,OH2,28-Aug,PIJE,86.0,,7.7,52.2,7.4,13.2,1.7,,
OH,OH2,28-Aug,PIJE,6.5,,8.1,24.7,3.9,1.6,0.4,,
OH,OH2,28-Aug,JUN,8.5,2,8.9,23.8,4.1,,0.3,,
OH,OH2,28-Aug,ABCO,14.5,,8.9,-36.8,9.2,1.0,0.0,,
OH,OH2,28-Aug,JUN,6.5,2,9.1,24.8,4.2,,0.0,,
OH,OH2,28-Aug,JUN,7.8,,9.2,29.4,4.5,0.6,0.0,,
OH,OH2,28-Aug,CELE,9.8,,9.2,-24.9,6.3,0.3,0.0,,
OH,OH2,29-Aug,PIJE,14.0,,9.3,-8.5,1.7,1.5,0.3,,
OH,OH2,28-Aug,PIJE,8.0,,10.3,36.6,5.1,4.5,0.5,,
OH,OH2,28-Aug,ABCO,42.6,,10.7,28.0,5.0,2.3,0.0,,
OH,OH2,28-Aug,JUGR,6.8,,11.2,-21.0,5.2,0.4,0.0,,
OH,OH2,28-Aug,JUGR,6.1,,11.5,-21.2,5.3,0.5,0.0,,
OH,OH2,28-Aug,JUN,21.0,,11.6,22.7,5.1,3.1,0.1,,
OH,OH2,28-Aug,PIJE,94.5,,12.0,45.5,7.6,8.4,3.8,51,
OH,OH2,29-Aug,ABCO,35.8,,12.8,-38.1,10.7,3.0,0.0,,
OH,OH2,28-Aug,JUN,5.8,1,13.0,28.9,5.7,,0.0,,
OH,OH2,28-Aug,JUN,7.5,1,13.4,32.4,5.7,,0.0,,
OH,OH2,28-Aug,PIJE,35.0,,13.6,9.6,4.1,3.5,1.2,66,
OH,OH2,29-Aug,CELE,6.5,1,14.3,-39.9,11.5,,0.0,,
OH,OH2,29-Aug,PIJE,19.5,,14.6,-4.8,4.9,1.9,0.0,65,
OH,OH2,29-Aug,CELE,5.4,2,14.8,-39.5,11.5,,0.2,,connected at base
OH,OH2,29-Aug,CELE,6.9,2,14.8,-39.5,11.5,,0.2,,connected at base
OH,OH2,28-Aug,JUN,45.7,,14.8,45.5,7.8,3.4,2.3,,
OH,OH2,29-Aug,ABCO,40.0,,15.1,-17.2,3.0,2.0,0.1,,
OH,OH2,28-Aug,JUGR,36.5,,15.2,-21.8,4.7,1.0,0.0,,
OH,OH2,28-Aug,PIJE,18.5,,15.3,-22.6,5.1,3.0,0.0,,
OH,OH2,29-Aug,JUGR,9.3,2,16.6,47.4,7.9,,0.4,,
OH,OH2,29-Aug,CELE,11.4,,16.9,-40.8,11.9,0.4,0.0,,
OH,OH2,29-Aug,JUGR,12.3,1,17.1,50.8,8.6,,1.0,,
OH,OH2,28-Aug,PICO,34.2,2,17.3,49.2,9.1,,2.4,52,
OH,OH2,28-Aug,PICO,37.1,2,17.6,51.0,9.2,,4.4,,
OH,OH2,29-Aug,PICO,22.3,2,17.9,50.7,8.8,,2.3,,
OH,OH2,28-Aug,PICO,36.2,2,18.5,48.2,9.4,,2.2,,
OH,OH2,29-Aug,CELE,5.0,,18.6,-41.3,12.0,0.6,0.0,,
OH,OH2,29-Aug,PICO,18.8,3,18.6,50.6,9.0,,2.8,,
OH,OH2,28-Aug,JUN,10.5,2,18.7,46.4,8.9,,0.0,,
OH,OH2,29-Aug,CELE,8.4,,18.9,-33.6,9.9,0.4,0.0,,connected at base
OH,OH2,29-Aug,CELE,35.8,,18.9,-33.6,9.9,3.0,0.0,,connected at base
OH,OH2,29-Aug,CELE,5.2,,19.0,-44.2,12.9,0.3,0.0,,
OH,OH2,29-Aug,CELE,5.3,,19.4,-41.3,12.1,0.4,0.0,,connected at base
OH,OH2,29-Aug,CELE,5.4,,19.4,-41.3,12.1,0.4,0.0,,connected at base
OH,OH2,29-Aug,CELE,9.5,,19.4,-41.3,12.1,0.4,0.0,,connected at base
OH,OH2,29-Aug,PICO,27.5,2,19.4,50.6,9.1,,3.4,,
OH,OH2,29-Aug,PICO,13.9,2,19.9,49.9,9.4,,3.8,,
OH,OH2,29-Aug,PICO,28.5,2,20.0,51.0,9.5,,9.2,,
OH,OH2,28-Aug,PIJE,121.2,,20.4,30.1,8.5,8.2,5.1,,
OH,OH2,29-Aug,BEOC,10.8,3,20.5,50.5,9.7,,3.5,,
OH,OH2,28-Aug,PICO,38.8,2,20.7,47.6,9.6,,3.5,,
OH,OH2,28-Aug,JUN,27.5,1,21.0,44.0,9.5,,0.4,,
OH,OH2,28-Aug,JUN,5.3,2,21.2,47.4,10.1,,0.4,,
OH,OH2,29-Aug,CELE,5.9,,21.5,-34.3,10.5,0.5,0.0,,
OH,OH2,29-Aug,PIJE,93.5,,21.6,-29.8,8.7,5.0,4.0,59,RTB
OH,OH2,29-Aug,PIJE,105.5,,22.0,-1.3,7.1,7.8,2.0,54,
OH,OH2,28-Aug,JUN,32.8,,22.1,34.8,3.7,2.1,0.5,,
OH,OH2,29-Aug,JUGR,12.9,1,22.4,42.9,9.0,,0.2,,
OH,OH2,28-Aug,JUN,8.9,2,22.8,50.5,11.1,,0.2,,
OH,OH2,28-Aug,JUN,16.3,1,23.3,44.9,10.1,,2.5,,
OH,OH2,29-Aug,CELE,6.0,,23.7,-42.3,13.1,0.3,0.0,,
OH,OH2,29-Aug,PIJE,51.0,2,24.6,-33.2,10.0,,2.5,,
OH,OH2,29-Aug,PIJE,67.0,,25.2,-19.2,7.6,6.1,2.0,,
OH,OH2,28-Aug,PIJE,75.3,,26.2,-24.9,7.2,4.0,3.0,,
OH,OH2,28-Aug,ABCO,13.7,,26.3,-33.9,7.1,1.5,0.0,,
OH,OH2,28-Aug,PIJE,61.5,,26.6,-26.1,7.2,10.0,2.5,78,
OH,OH2,28-Aug,JUN,10.3,2,27.4,47.7,11.9,,0.3,,
OH,OH2,29-Aug,PIJE,81.9,,27.7,-49.9,15.5,5.0,0.0,,
OH,OH2,28-Aug,ABCO,33.7,,27.9,-18.5,8.5,2.0,0.2,,
OH,OH2,29-Aug,CELE,6.7,,28.2,2.3,9.3,0.5,0.0,,
OH,OH2,29-Aug,PIJE,74.4,,28.8,-5.6,10.1,5.0,2.0,,RTB
OH,OH2,28-Aug,ABCO,153.8,2,29.9,36.7,10.7,,2.5,,
OH,OH2,29-Aug,JUGR,9.5,1,30.0,42.5,11.8,,0.3,,
OH,OH2,29-Aug,PIJE,25.0,,30.1,4.3,9.9,3.0,0.0,,
OH,OH2,28-Aug,JUN,45.0,,31.5,43.2,12.0,5.2,3.1,,
OH,OH2,29-Aug,PIJE,67.9,,31.6,-39.3,13.1,5.5,6.0,74,RTB
OH,OH2,28-Aug,JUN,31.5,,31.7,44.1,12.1,9.3,4.1,,
OH,OH2,29-Aug,PIJE,81.5,,35.0,-14.2,12.4,3.6,2.5,,
OH,OH2,28-Aug,ABCO,72.1,,35.1,42.1,13.2,6.2,5.6,,
OH,OH2,29-Aug,PIJE,97.5,,35.3,-33.1,10.7,9.3,3.5,60,RTB
OH,OH2,29-Aug,PIJE,23.5,,38.0,17.4,13.6,3.0,1.7,,
OH,OH2,29-Aug,PIJE,131.8,,38.9,29.7,14.3,10.5,2.3,53,
OH,OH2,29-Aug,PIJE,29.8,,40.6,15.3,14.4,2.5,1.0,,
OH,OH2,29-Aug,PIJE,80.6,,42.8,-22.3,14.7,67.0,1.0,72,RTB
OH,OH2,28-Aug,ABCO,56.9,2,43.5,-29.4,5.2,,0.0,,
OH,OH2,29-Aug,CELE,6.3,,44.3,13.8,15.4,0.5,0.0,,
OH,OH2,29-Aug,PIJE,83.4,1,44.6,-12.2,15.0,83.4,0.3,,
OH,OH2,29-Aug,CELE,5.6,,45.1,12.3,15.6,0.5,0.0,,
OH,OH2,29-Aug,ABCO,6.0,,48.4,8.8,16.7,0.3,0.0,,
OH,OH2,29-Aug,PIJE,77.9,1,50.5,-8.5,16.8,,9.7,,
OH,OH3,30-Aug,PIJE,38.0,,-57.9,-4.0,-16.3,5.0,0.2,,may be out 
OH,OH3,30-Aug,PIJE,57.2,,-57.0,3.5,-13.5,4.0,0.1,,may be out 
OH,OH3,30-Aug,PIJE,96.7,,-53.4,-13.5,-18.4,2.0,3.5,,boundary tree
OH,OH3,30-Aug,JUGR,80.3,,-52.8,-15.0,-19.0,4.0,0.5,,
OH,OH3,30-Aug,CELE,5.2,,-51.6,-7.3,-15.8,1.5,0.0,,
OH,OH3,8/29/2018,PIJE,16.3,,-50.3,16.9,-8.1,2.1,0.2,,
OH,OH3,8/29/2018,PIJE,21.8,,-47.9,18,-7.1,2.4,0.3,,
OH,OH3,29-Aug,PIJE,66.1,,-46.0,0.9,-11.5,3.5,1.0,115,
OH,OH3,30-Aug,PIJE,77.8,,-45.2,-20.0,-19.0,6.0,3.0,117,
OH,OH3,8/29/2018,PIJE,33.3,,-44.5,8.5,-8.2,4.3,1.8,,
OH,OH3,8/29/2018,PIJE,84.4,,-42.5,15,-6,6.6,2.2,,
OH,OH3,30-Aug,PIJE,66.6,,-41.8,-11.4,-14.4,5.5,1.5,116,
OH,OH3,8/29/2018,PIJE,22.6,,-40,28.7,-3.9,1.5,0.2,,
OH,OH3,30-Aug,CELE,5.2,2,-39.1,-7.3,-12.3,,0.0,,
OH,OH3,8/29/2018,PIJE,15.6,,-38.8,19.9,-4.2,2.5,1,,
OH,OH3,8/29/2018,JUGR,24.4,,-38.8,16.8,-4.7,1.4,0.3,,
OH,OH3,8/29/2018,PIJE,7.5,,-38.1,20.4,-3.9,1.5,1,,
OH,OH3,30-Aug,CELE,9.5,2,-37.5,-5.3,-11.1,,0.0,,
OH,OH3,30-Aug,CELE,7.2,2,-37.5,-5.3,-11.1,,0.0,,
OH,OH3,30-Aug,CELE,10.8,2,-37.3,-5.7,-11.2,,0.0,,
OH,OH3,29-Aug,PIJE,59.9,,-37.0,39.5,-2.4,3.7,0.3,,
OH,OH3,29-Aug,PIJE,70.8,,-36.6,37.1,-2.2,4.5,1.5,121,
OH,OH3,30-Aug,PIJE,11.5,,-36.4,-6.2,-10.4,0.5,0.0,,
OH,OH3,29-Aug,PIJE,5.9,,-36.3,3.0,-8.6,0.4,0.0,,
OH,OH3,8/29/2018,PIJE,12.5,,-36.3,20.3,-3.5,1.7,0.4,,
OH,OH3,8/29/2018,PIJE,5.2,,-36.2,23.5,-3,1.3,0.3,,
OH,OH3,8/29/2018,PIJE,8.5,,-35.6,23.5,-2.8,1.5,0.2,,
OH,OH3,8/29/2018,PIJE,11.2,,-35.5,23.8,-2.8,1.5,2,,
OH,OH3,8/29/2018,PIJE,22.6,,-35.4,17,-3.7,2,1.1,,
OH,OH3,29-Aug,PIJE,58.9,,-35.2,41.1,-1.6,7.0,2.1,,
OH,OH3,8/29/2018,PIJE,9.5,,-34,15.3,-3.7,1.3,0.4,,
OH,OH3,30-Aug,PIJE,50.1,,-33.4,-15.5,-14.4,5.5,2.5,,
OH,OH3,30-Aug,PIJE,112.4,,-32.1,-26.8,-17.8,7.5,2.0,,
OH,OH3,29-Aug,PIJE,83.3,3,-29.9,4.5,-5.7,,0.7,,
OH,OH3,29-Aug,PIJE,46.7,,-29.3,40.8,0.1,8.4,0.3,,
OH,OH3,29-Aug,JUGR,6.1,,-26.7,6.1,-4.3,0.3,0.0,,
OH,OH3,29-Aug,PIJE,104.5,,-26.5,44.3,1.7,6.2,2.5,109,
OH,OH3,29-Aug,JUGR,8.5,,-26,5.3,-4.5,0.2,0.0,,
OH,OH3,8/29/2018,CELE,9,,-25.2,-3.4,-7.3,0.5,0,,
OH,OH3,29-Aug,JUGR,31.7,,-23.6,0.9,-5.3,0.2,0.0,,
OH,OH3,8/29/2018,JUGR,12,3,-21,-3.6,-6.2,,0.2,,
OH,OH3,8/29/2018,JUGR,21.5,3,-19.9,-6.2,-7.1,,2,,
OH,OH3,8/29/2018,JUGR,62.1,2,-19.2,-15.8,-10.4,,6,,
OH,OH3,30-Aug,PIJE,41.0,,-18.7,-48.6,-16.8,5.8,2.5,,may be out 
OH,OH3,30-Aug,PIJE,41.8,,-18.5,-48.8,-17.0,5.0,3.0,,
OH,OH3,30-Aug,PIJE,28.9,,-17.3,-48.0,-16.3,6.0,2.2,,
OH,OH3,29-Aug,JUGR,6.1,1,-16.7,48.4,4.8,,0.0,,
OH,OH3,29-Aug,PIJE,94.7,,-16.5,44.2,4.3,5.7,0.5,106,
OH,OH3,29-Aug,JUGR,20.9,,-13.7,1.2,-2.9,1.7,0.0,,
OH,OH3,29-Aug,PIJE,72.0,,-12.6,45.9,5.7,5.5,0.5,120,
OH,OH3,29-Aug,PIJE,19.7,,-12.6,4.2,-1.5,1.9,0.4,,
OH,OH3,29-Aug,PIJE,20.1,,-12.5,4.8,-1.3,1.9,1.0,,
OH,OH3,29-Aug,PIJE,98.7,1,-11.3,21.5,3.4,,5.0,,
OH,OH3,8/29/2018,PIJE,26.4,,-10.8,8.4,0.4,2.3,0.7,129,
OH,OH3,29-Aug,PIJE,69.1,1,-10.3,23.5,3.8,,4.5,,
OH,OH3,30-Aug,PIJE,78.7,,-10.0,-33.5,-9.4,7.0,4.5,118,
OH,OH3,29-Aug,PIJE,20.4,,-9.1,2.8,-1.3,2.3,0.3,127,
OH,OH3,8/29/2018,PIJE,42.4,,-8.3,-23.1,-6.4,2.7,1.3,,
OH,OH3,29-Aug,PIJE,94.1,,-8.0,51.6,7.6,7.7,0.3,110,
OH,OH3,29-Aug,JUGR,16.5,,-7.4,6.2,0.4,0.4,0.2,128,
OH,OH3,29-Aug,PIJE,35.2,3,-6.0,27.0,5.4,,11.3,,
OH,OH3,29-Aug,PIJE,16.9,,-4.5,54.7,8.8,3.5,1.7,,
OH,OH3,29-Aug,PIJE,30.5,,-3.7,2.3,-19.5,2.2,0.3,,
OH,OH3,29-Aug,JUGR,88.6,,-2.3,12.1,3.1,5.2,2.5,,
OH,OH3,30-Aug,PIJE,49.8,,-2.2,-34.6,-7.3,3.8,1.5,119,
OH,OH3,29-Aug,JUGR,16.4,2,-1.5,-12.1,-1.8,,4.0,,
OH,OH3,29-Aug,PIJE,64.3,2,-1.5,29.1,7.1,,2.8,,
OH,OH3,29-Aug,PIJE,31.0,,-1.4,-12.6,-1.8,3.0,5.0,,
OH,OH3,29-Aug,PIJE,65.5,1,-1.2,23.9,6.3,,3.6,,
OH,OH3,29-Aug,PIJE,12.5,,-0.8,48.0,9.3,0.8,0.2,,
OH,OH3,29-Aug,PIJE,14.4,,-0.8,48.4,9.4,2.2,0.3,,
OH,OH3,29-Aug,PIJE,10.3,,-0.2,36.0,8.4,0.4,0.3,,
OH,OH3,29-Aug,PIJE,108.9,2,0.7,-7.3,0.0,,5.0,,
OH,OH3,29-Aug,PIJE,8.7,,3.0,38.5,9.5,0.2,0.3,,
OH,OH3,29-Aug,PIJE,6.0,,4.7,36.0,9.8,0.4,0.1,,
OH,OH3,29-Aug,PIJE,8.6,,5.2,36.6,9.9,0.5,0.1,,
OH,OH3,30-Aug,JUGR,65.0,,5.2,-34.6,-4.7,2.5,0.0,,
OH,OH3,29-Aug,PIJE,104.2,,6.3,16.6,6.6,6.2,1.5,100,
OH,OH3,8/29/2018,PIJE,15.7,,7.1,6.4,3.8,1.5,0.6,,
OH,OH3,8/29/2018,PIJE,7.5,,7.3,6.1,3.9,1.3,0.6,,
OH,OH3,30-Aug,PIJE,91.0,,7.4,-41.7,-5.5,7.5,2.5,112,
OH,OH3,29-Aug,CELE,8.9,2,7.5,19.9,7.6,,0.2,,
OH,OH3,29-Aug,CELE,8.1,2,8.1,19.9,7.7,,0.3,,
OH,OH3,8/29/2018,CELE,7.6,2,8.1,19.9,7.7,,0.3,,
OH,OH3,8/29/2018,PIJE,7.5,,8.8,6.7,4.5,0.6,0.4,,
OH,OH3,8/29/2018,JUGR,6.2,2,9.3,21.9,8.1,,0.2,,
OH,OH3,8/29/2018,JUGR,11.5,2,12,-1.9,5.1,,3.5,,
OH,OH3,8/29/2018,PIJE,105,2,12.6,-2.6,5.2,,11.2,,
OH,OH3,8/29/2018,JUGR,23.9,,12.8,0.8,5.5,2,1,,
OH,OH3,8/29/2018,ABCO,56,,13.6,49.8,13.2,2.8,0.7,,
OH,OH3,30-Aug,PIJE,10.5,,13.8,-37.9,-2.5,1.0,0.0,,
OH,OH3,8/29/2018,PIJE,102,,14.2,27.8,10.8,7.1,3.2,102,
OH,OH3,8/29/2018,PIJE,16,,14.7,12.8,6.9,1.2,0.4,101,
OH,OH3,30-Aug,PIJE,6.5,,15.6,-39.7,-2.2,1.0,0.0,,
OH,OH3,30-Aug,PIJE,13.0,,16.1,-39.2,-2.0,0.5,0.0,,
OH,OH3,8/29/2018,PIJE,16.4,,17,8.2,7.1,0.9,1.5,,
OH,OH3,8/29/2018,PIJE,11,,18.1,5.9,7.4,1.6,0.5,,
OH,OH3,8/29/2018,PIJE,38.3,,18.2,47.3,14.4,4,0.2,104,
OH,OH3,8/29/2018,PIJE,32.8,,18.2,42.9,14,3.6,0.2,,
OH,OH3,8/29/2018,PIJE,20.2,,18.5,42.7,14.1,2.1,0,,
OH,OH3,29-Aug,PIJE,7.4,,19.0,33.5,13.0,1.0,0.3,,
OH,OH3,8/29/2018,PIJE,10,,19.6,7.4,8.2,0.8,0.6,,
OH,OH3,8/29/2018,PIJE,25.7,,20.5,47.9,15.3,3.4,1,,
OH,OH3,8/29/2018,PIJE,48.5,,21.1,49.3,17.4,6.2,0.5,,
OH,OH3,30-Aug,PIJE,13.5,,24.3,-50.8,-2.6,0.8,0.4,,
OH,OH3,8/29/2018,PIJE,20.3,,24.6,41.5,15.7,2.5,0.3,,
OH,OH3,30-Aug,PIJE,26.5,1,24.9,-44.9,-0.7,,0.0,,
OH,OH3,8/29/2018,PIJE,8.7,,26.4,33.1,14.7,0.6,0.4,,
OH,OH3,8/29/2018,PICO,30.2,1,27.9,41,16.5,,0.2,,
OH,OH3,8/29/2018,PIJE,51.5,,28.1,49.1,17.8,5.7,0.6,,
OH,OH3,8/29/2018,PIJE,25,,28.6,-3.3,10.2,2.1,0.4,103,
OH,OH3,8/29/2018,JUGR,93.9,,29,-29.2,5.6,2,0,,
OH,OH3,8/29/2018,JUGR,97.3,,30.3,-27.6,7,2,0,,
OH,OH3,8/29/2018,ABCO,44,,30.8,40.1,17.1,4.1,0,,
OH,OH3,8/29/2018,PIJE,21.8,,32.4,1.7,12,2.1,0.3,,
OH,OH3,8/29/2018,PIJE,33.5,,33.2,19.1,14,3.5,0,105,
OH,OH3,8/29/2018,PIJE,46.5,,33.2,-22.6,9,5.1,1.1,,
OH,OH3,30-Aug,PIJE,42.5,2,33.5,-36.5,4.6,,1.5,,Broken base- leaning
OH,OH3,8/29/2018,PIJE,20.3,,33.8,13,13.6,2.2,0,,
OH,OH3,8/29/2018,PIJE,19.2,,34.4,7.6,13.3,1,0.9,,
OH,OH3,8/29/2018,PIJE,21.5,,34.7,-20.5,9.8,3,0.5,108,
OH,OH3,8/29/2018,PIJE,23,,35.1,2.9,12.9,1.8,0.6,,
OH,OH3,8/29/2018,PIJE,50.6,,35.4,8.9,13.8,4.1,1.5,124,
OH,OH3,8/29/2018,PIJE,63.9,,36.9,-18.7,11,6.8,0.6,107,
OH,OH3,30-Aug,PIJE,22.5,,37.5,-34.1,6.7,3.0,0.5,,flat top- may be out
OH,OH3,8/29/2018,JUGR,57,,37.7,-2.3,13.6,1.5,0,,
OH,OH3,8/29/2018,PIJE,78.5,,37.8,-29.3,8.6,6.6,2.2,111,
OH,OH3,8/29/2018,PIJE,15.3,,38.5,8.7,14.6,3,1.1,,
OH,OH3,8/29/2018,PIJE,10.8,,38.5,9.1,14.7,1.8,1.2,,
OH,OH3,8/29/2018,PIJE,72.4,,38.9,41.7,19.5,5.9,0.5,126,
OH,OH3,8/29/2018,PIJE,26.2,,41,-21.4,11.6,3.8,1.7,,
OH,OH3,8/29/2018,PIJE,37.3,,41.4,-26.6,10.3,5.3,2,,
OH,OH3,8/29/2018,PIJE,51.3,,41.8,-27.2,10.2,5.3,2.1,113,
OH,OH3,8/29/2018,PIJE,17.3,,42.1,26,17.5,1.6,0,,
OH,OH3,8/29/2018,PIJE,16.1,,42.1,36.4,19.2,1.5,0.4,,
OH,OH3,8/29/2018,PIJE,25.8,,42.5,-10.7,14.3,3.1,2.3,,
OH,OH3,8/29/2018,PIJE,57.7,,43.5,19.8,17.3,3.3,1,122,
OH,OH3,8/29/2018,PIJE,74.2,,43.5,-9.6,15,6.7,3,123,
OH,OH3,8/29/2018,PIJE,56,5,44.7,-18.2,13.6,,2.2,,
OH,OH3,8/29/2018,PIJE,29.1,,45.2,-11.2,15,3.3,3.4,125,
OH,OH3,8/29/2018,PIJE,68.6,2,45.3,-20.5,13,,0.4,,
OH,OH3,8/29/2018,JUGR,22,,46.1,-16.2,14.4,2.8,0.5,,
OH,OH3,8/29/2018,PIJE,50.4,,49.6,-24,13.5,5,0.7,114,
OH,OH3,8/29/2018,PIJE,54.4,,50.8,17.7,19.4,7,6.1,,
OH,OH3,8/29/2018,PIJE,49.7,,51.8,18.8,20,7.5,3.5,,
OH,OH3,8/29/2018,PIJE,49.8,,52.7,-3.7,18,5.6,4,,
OH,OH3,8/29/2018,PIJE,40.8,,53.1,-3.4,18.3,8,6,,
OH,OH3,8/29/2018,PIJE,43.7,,55.5,-7.8,18.5,6.9,4.5,,
OH,OH3,8/29/2018,PIJE,23.6,2,55.7,-7.4,18.7,,5.2,,
OH,OH3,8/29/2018,PIJE,24.7,,56.1,-8.6,18.5,4.6,2.2,,
OH,OH3,8/29/2018,PIJE,57.8,,57.4,-6.7,19.3,7.5,5,,near plot boundary - shooting from monopol - might be in
